idate,money,self_realization,socialization,survival
2018-01-01,1122036.88,171228.65,321307.95,869086.74
2018-01-02,2359030.22,541010.38,740730.04,2458526.84
2018-01-03,2602570.8,645340.02,1354940.71,2683265.63
2018-01-04,3113277.69,651615.49,1284518.79,2656372.32
2018-01-05,3170849.62,607035.75,1235404.95,3001317.26
2018-01-06,3454564.37,710710.93,1080637.82,2727519.77
2018-01-07,2149320.16,532258.5,872707.64,2466056.93
2018-01-08,3073467.99,526878.59,932157.28,2318634.37
2018-01-09,8279503.24,495825.83999999997,1399544.27,1894320.47
2018-01-10,13698228.25,604379.16,1463187.89,2482938.95
2018-01-11,14676741.35,644463.28,1598166.64,2572653.19
2018-01-12,16550979.76,611101.17,1377646.2,3164871.72
2018-01-13,7945277.02,857656.12,1324061.68,4274006.81
2018-01-14,5496695.47,624927.5,1093904.62,3094671.09
2018-01-15,15119865.14,510091.34,1766913.95,2151291.88
2018-01-16,12398790.99,454866.15,1684291.94,2120627.52
2018-01-17,9360255.48,601910.19,1381619.17,2495111.28
2018-01-18,10206934.25,416589.48,1352078.81,2280861.39
2018-01-19,10455377.93,715277.14,1488207.6500000001,2831399.12
2018-01-20,6443596.21,684313.72,1101421.31,3535139.71
2018-01-21,4103115.31,540827.64,1095457.92,2702802.68
2018-01-22,8991263.79,379382.57,2125726.23,2227946.67
2018-01-23,8797886.55,414194.82,1333714.82,2042621.58
2018-01-24,10493334.88,471508.12,1184050.13,2290897.16
2018-01-25,11244075.9,502082.63,1768514.61,2652381.44
2018-01-26,13158970.89,687837.35,1411229.71,3347024.44
2018-01-27,7425433.89,794935.61,1654760.09,4109188.18
2018-01-28,4595948.68,645165.27,2357099.69,3013188.05
2018-01-29,10252294.7,452824.43,2813124.6999999997,2402604.4
2018-01-30,8981915.18,505719.05,1480923.29,2068119.58
2018-01-31,8666483.03,520828.77,1350749.47,2327927.62
2018-02-01,9541090.6,500650.96,1078536.69,2274498.11
2018-02-02,9006711.85,562675.31,1249558.38,2537501.39
2018-02-03,4687178.86,696870.22,1262979.71,3337961.62
2018-02-04,3053808.35,635742.55,992858.0800000001,2832890.82
2018-02-05,7222433.41,374399.55,1565735.26,1785054.59
2018-02-06,7705282.06,274320.47,830561.85,1861331.56
2018-02-07,7869506.89,420731.13,885852.45,1829098.15
2018-02-08,9353444.21,401433.08,1106134.75,2483465.1
2018-02-09,24234461.76,713300.24,1395301.58,3641157.14
2018-02-10,13317087.59,907333.48,1288498.77,4465243.5
2018-02-11,6992790.5,554238.84,846221.17,3516353.94
2018-02-12,14668335.38,511773.4,1246256.6,2177688.24
2018-02-13,14662445.44,932165.82,1005113.79,2555078.29
2018-02-14,16669299.629999999,1053995.92,1002011.76,2807853.22
2018-02-15,14948535.38,872085.98,1075026.94,2824229.78
2018-02-16,14336310.56,700648.37,1168836.86,3272720.8
2018-02-17,8047466.21,795228.95,1051560.51,4061919.81
2018-02-18,5170141.13,564626.87,1113059.42,2895804.69
2018-02-19,11330074.85,505527.48,1250002.5,2140800.65
2018-02-20,11248076.21,681379.72,1248442.07,2368299.15
2018-02-21,11898166.22,654354.41,1148408.7,2744162.53
2018-02-22,18587861.09,1175342.01,1508363.39,4360895.23
2018-02-23,7163578.03,984776.86,1317006.52,4615146.2
2018-02-24,6033783.84,690242.0,1208121.74,3882741.57
2018-02-25,4656772.27,781334.09,1245465.45,3027154.82
2018-02-26,9764452.83,609891.6,921249.44,2434204.47
2018-02-27,11064809.42,442013.63,1226256.47,2498986.46
2018-02-28,10887118.16,498471.35,1325955.14,2826770.06
2018-03-01,13040752.72,641075.95,1169030.88,2925419.12
2018-03-02,10824644.16,659564.24,1163609.02,3199904.02
2018-03-03,7134647.91,949871.22,1462910.58,4394183.32
2018-03-04,4165153.19,785599.33,1132502.01,3761003.07
2018-03-05,10743980.72,1047873.33,1152009.2,2592390.47
2018-03-06,12738219.06,1434105.39,1632402.25,3140532.48
2018-03-07,22441712.0,1497818.87,2072206.08,4800000.32
2018-03-08,9374099.79,1438531.76,1165065.09,4936238.49
2018-03-09,7346348.43,902460.34,1212332.26,3802197.25
2018-03-10,6717854.25,782357.41,1216394.88,3646119.66
2018-03-11,5023325.35,699762.42,1107168.11,3130667.45
2018-03-12,12198861.76,508752.59,1883312.84,2329729.01
2018-03-13,13345218.81,747022.4299999999,2105237.88,2496173.35
2018-03-14,13476037.68,672531.72,1420923.15,2611270.16
2018-03-15,19305449.45,571773.95,1102437.97,3176499.65
2018-03-16,14763295.11,627047.18,1441662.5,3507023.38
2018-03-17,9731548.58,881022.72,1468928.7,4552614.5
2018-03-18,5904792.42,707091.41,1698963.17,3599724.56
2018-03-19,10755768.81,577549.14,1194881.19,2186242.55
2018-03-20,13787337.55,464547.99,1132728.72,2338287.27
2018-03-21,10892281.65,490126.45,1047131.5,2357745.06
2018-03-22,11076807.13,523285.97,1560950.09,2872519.32
2018-03-23,17437295.26,1014764.39,1320591.1,4180009.19
2018-03-24,8436305.23,1029191.73,1533661.76,5452886.02
2018-03-25,6426044.21,741911.06,1596121.89,3331170.91
2018-03-26,12180992.11,536118.52,1217262.58,2720826.94
2018-03-27,10918052.17,548836.21,1098060.72,2934187.18
2018-03-28,10225620.89,492005.35,1259437.64,2578696.03
2018-03-29,10585987.14,795312.6,1150066.17,3029002.12
2018-03-30,11748730.34,683754.38,1249360.09,3314774.98
2018-03-31,7853280.66,748964.68,1804999.39,4732571.75
2018-04-01,5130040.99,783083.09,1067913.39,3404419.43
2018-04-02,7652214.28,347440.13,1354325.6099999999,2041973.62
2018-04-03,8574171.29,509074.26,920165.39,2168405.12
2018-04-04,8280519.31,402454.17,902774.27,2358506.0
2018-04-05,9003295.7,548049.76,1144786.4,2556734.24
2018-04-06,10612179.77,617344.03,1366508.45,3181382.05
2018-04-07,7638973.42,776332.0,903966.49,4147711.76
2018-04-08,4146165.88,585416.01,972726.47,2611866.1
2018-04-09,12374460.42,787039.53,1121550.95,2760470.71
2018-04-10,22075750.43,635645.02,1328319.75,2688907.52
2018-04-11,21037458.37,741339.4,1512276.56,3263555.17
2018-04-12,15479301.76,681302.53,1617371.57,3233478.4
2018-04-13,20817140.42,763112.57,1615526.13,4412474.47
2018-04-14,11428517.37,996269.36,1840801.06,5609431.99
2018-04-15,6535448.5,899016.21,1800249.93,3940112.42
2018-04-16,16108095.82,489233.33,1324596.03,3195488.91
2018-04-17,12775873.32,557707.16,1484606.08,2677501.34
2018-04-18,10292761.87,717190.12,1413351.8,2534444.16
2018-04-19,10906437.13,710133.19,1535042.34,2986271.98
2018-04-20,17092926.47,688322.36,2039107.44,3736858.59
2018-04-21,7370695.47,762743.49,1303340.67,4739171.39
2018-04-22,4438736.95,747349.0,1259421.61,3869654.35
2018-04-23,11047716.040000001,343789.03,1688341.81,2331620.98
2018-04-24,10905977.94,508667.08,1186966.26,2971893.63
2018-04-25,16182301.97,580125.14,1245970.1199999999,3110518.17
2018-04-26,14260175.0,656759.74,1703325.34,3798625.03
2018-04-27,14252234.4,571119.21,1438626.0,3757398.98
2018-04-28,15347103.03,842544.01,2178781.22,4494082.62
2018-04-29,6040335.27,822554.59,1638649.56,4320465.1
2018-04-30,4863277.07,802038.78,1408663.75,3799523.62
2018-05-01,3328305.15,389924.84,953849.23,2981137.93
2018-05-02,5190770.67,653588.43,1474970.85,3067985.73
2018-05-03,10525216.89,433667.92,1237561.57,2678212.22
2018-05-04,13113947.83,720131.24,1323107.74,3987110.92
2018-05-05,7407628.2,594919.94,1287365.58,4033452.3
2018-05-06,4518465.19,624636.96,1058236.67,3048339.55
2018-05-07,11141884.46,607173.16,1379171.87,2748555.81
2018-05-08,13379563.84,603090.41,1780481.72,3519002.41
2018-05-09,5810638.55,696748.49,1164108.2,3324657.83
2018-05-10,19994208.5,468281.52,1844702.25,3445031.34
2018-05-11,20733967.36,603634.94,1573436.94,4181951.35
2018-05-12,8778238.16,826137.23,1748452.86,4730194.4
2018-05-13,5777334.08,674748.56,1162073.94,3935579.88
2018-05-14,14656373.67,635891.75,1556449.9,3057318.31
2018-05-15,20828907.72,817206.27,1653111.83,3462425.56
2018-05-16,14534959.64,569780.0599999999,1571943.75,3106687.63
2018-05-17,11772319.44,696911.93,1802491.24,3294976.36
2018-05-18,13681404.48,531795.48,1514411.66,3514322.01
2018-05-19,6631215.43,710182.55,1493770.56,4452630.91
2018-05-20,5390765.67,677902.21,1547993.42,3079469.47
2018-05-21,12332343.61,715760.25,1622200.79,3133048.41
2018-05-22,10781357.39,549789.57,1166510.33,2795184.0
2018-05-23,11711875.43,497501.53,1367090.25,2889644.0
2018-05-24,12183839.66,687217.62,1717188.83,3599020.75
2018-05-25,20392279.31,949702.43,2353935.19,5034363.55
2018-05-26,7960072.68,766567.66,1426404.33,4566765.17
2018-05-27,5414725.47,736358.21,1338155.61,4223358.76
2018-05-28,12552950.879999999,609875.19,1395382.35,3225830.69
2018-05-29,13049955.76,518449.48,1490170.98,3135056.84
2018-05-30,11449172.59,631839.73,1413863.56,3075185.74
2018-05-31,12062083.36,727024.57,1541510.68,4414059.58
2018-06-01,12812914.65,696033.91,1999276.61,3593898.49
2018-06-02,6137907.6,605584.44,1350412.18,4107341.43
2018-06-03,4182217.26,543508.87,1186955.14,3197451.5
2018-06-04,11567830.13,705313.94,1381886.09,2937351.88
2018-06-05,9337295.49,669534.21,1237977.73,2869327.58
2018-06-06,13339787.08,566433.53,1423687.22,2783297.59
2018-06-07,11806732.67,627995.45,1589670.5,3261384.72
2018-06-08,13810047.38,699773.13,1262529.89,3885689.07
2018-06-09,23369294.21,926610.77,1981563.57,5304840.99
2018-06-10,11064192.73,864615.4400000001,1827658.44,4846824.94
2018-06-11,8206923.95,574022.13,1563619.41,3896292.21
2018-06-12,7053334.33,629699.06,1602285.68,3584798.51
2018-06-13,17651942.78,675554.28,1745335.6,3173396.86
2018-06-14,18244480.79,746757.18,1513362.17,3455003.88
2018-06-15,22062032.23,710155.79,1646824.34,3932272.4
2018-06-16,8611438.36,810385.04,1640902.76,4395028.42
2018-06-17,6271440.77,702302.14,1207228.04,3982005.83
2018-06-18,11993092.02,544279.1900000001,2136081.67,3109621.91
2018-06-19,12516553.31,605154.67,1330817.12,3331834.16
2018-06-20,12322061.91,502916.59,1902716.47,3162648.8
2018-06-21,12206817.96,527840.73,1831760.0,3391279.23
2018-06-22,16148484.16,977359.31,2067596.6300000001,4028255.5
2018-06-23,10815994.7,775768.98,1657005.18,3905229.76
2018-06-24,6320110.27,609253.98,1329121.63,3407262.18
2018-06-25,16786495.47,769585.87,1643645.41,3748296.0
2018-06-26,15193463.18,532421.8,2025780.9100000001,3272083.49
2018-06-27,16076246.99,638253.68,1728626.59,3699824.67
2018-06-28,16669121.6,698241.65,2016290.61,3808028.91
2018-06-29,18697016.42,953604.46,1765856.16,4151124.64
2018-06-30,9397613.03,924037.14,2040569.47,4486223.38
2018-07-01,6584153.74,578766.8099999999,1361979.86,3484036.42
2018-07-02,11761902.11,722946.05,1257350.34,2862496.28
2018-07-03,11785729.36,767489.62,1581792.49,3522854.53
2018-07-04,9803012.84,601344.08,2126628.01,3197712.07
2018-07-05,10495760.53,941514.38,1913027.82,3334542.92
2018-07-06,13306836.01,662897.13,1472844.85,3581592.78
2018-07-07,7510339.61,798849.8,1664935.01,4070663.49
2018-07-08,5232260.18,723930.84,1228964.79,3220155.06
2018-07-09,12686275.1,763496.9,1202143.19,3002435.78
2018-07-10,17336325.51,682964.58,1497643.55,3576494.85
2018-07-11,16351152.25,637668.77,1704833.99,3361026.24
2018-07-12,18910372.69,733707.17,1546720.49,3649972.72
2018-07-13,23287911.61,892490.64,2183976.58,4334418.53
2018-07-14,9972257.49,830511.85,1605897.09,4137604.72
2018-07-15,7463222.01,502457.17,1469326.91,3496738.15
2018-07-16,14156421.55,791244.97,1553468.78,3385769.65
2018-07-17,11418537.0,562609.27,1716836.2,3762155.28
2018-07-18,9915422.65,532092.14,1648473.68,3390434.67
2018-07-19,11276498.66,698060.7,1798517.57,3758297.54
2018-07-20,16232031.709999999,712592.58,1492400.46,4023572.96
2018-07-21,6489840.58,638266.94,1460616.2,3652985.58
2018-07-22,5056234.71,671101.9,1079048.18,2938905.25
2018-07-23,10223752.91,457517.32,1384025.05,3063452.13
2018-07-24,10647142.02,651975.18,1400976.72,3295376.0
2018-07-25,15038433.19,667895.64,2272837.88,3382473.64
2018-07-26,12299424.37,653222.32,1492441.25,3299598.15
2018-07-27,13036340.79,781728.73,1887586.22,4139839.18
2018-07-28,6893528.34,621075.95,1811986.9,3652194.66
2018-07-29,4591381.62,546896.32,1539116.79,2920151.32
2018-07-30,11200334.9,622392.28,1745397.46,2992463.97
2018-07-31,11135016.07,769089.01,1527209.42,3379610.66
2018-08-01,11241326.44,604241.87,1509521.06,2927414.82
2018-08-02,8795526.77,683619.49,1489778.71,3316471.69
2018-08-03,12332896.71,511531.08,1451025.3,3295873.18
2018-08-04,6231513.41,465079.14,1525474.4,3227097.62
2018-08-05,5937320.36,594795.62,2061012.9200000002,2942483.2
2018-08-06,9192629.72,545719.89,1644842.3,2616392.56
2018-08-07,10889468.98,546136.73,1453885.28,3072148.87
2018-08-08,8592146.06,728571.05,1411255.65,2667921.23
2018-08-09,11786648.61,578413.05,2207973.96,3361604.88
2018-08-10,22612226.48,724295.49,1863963.53,4029689.97
2018-08-11,9530379.37,1026124.87,1411776.0,3727058.67
2018-08-12,5868939.42,692359.15,1163839.02,3153922.83
2018-08-13,12349133.86,516552.73,1580284.79,3083322.23
2018-08-14,13115030.63,780612.71,1636912.03,3382408.04
2018-08-15,15519805.11,739836.6,1872728.47,3785403.27
2018-08-16,13886395.76,842912.8,1787891.22,3370763.62
2018-08-17,15839500.45,718525.02,1668628.16,3692639.36
2018-08-18,6525918.07,941573.15,1729207.44,3448047.18
2018-08-19,5329219.47,620896.73,1537819.54,3501939.63
2018-08-20,12792776.25,601299.15,1430170.36,3396576.25
2018-08-21,8216777.57,670892.49,1882322.26,3008107.87
2018-08-22,10427957.47,704056.27,1662979.75,3088054.18
2018-08-23,11833346.42,1466492.5,1690692.75,3311091.18
2018-08-24,15478184.41,817400.85,1603333.42,4142336.78
2018-08-25,6572111.66,933211.97,1870584.13,4238593.45
2018-08-26,5231611.76,719432.16,1297918.47,3551262.16
2018-08-27,10151778.48,750009.71,1614570.03,2972722.58
2018-08-28,10022633.35,665307.58,1767512.26,3310758.06
2018-08-29,7934515.88,741040.24,1127420.11,2888329.58
2018-08-30,9668473.89,926254.12,2419658.59,3583054.27
2018-08-31,11747304.03,1119427.0,1760766.78,4130518.61
2018-09-01,6295443.44,776404.15,1865706.3800000001,3655415.39
2018-09-02,5061890.66,748250.55,1410736.08,2873340.12
2018-09-03,8551924.02,679221.78,2287195.21,2774581.48
2018-09-04,10490254.77,468357.15,1489665.0,2223616.04
2018-09-05,6980878.78,606530.2,2047165.54,2609469.73
2018-09-06,9919800.89,487915.88,1666286.67,2662069.59
2018-09-07,11451489.13,516725.91,1369892.59,3459535.73
2018-09-08,6397101.22,597509.03,837815.11,3479236.57
2018-09-09,3852099.65,606598.67,943894.25,2946077.6
2018-09-10,17816483.84,745196.54,1523734.64,3306917.37
2018-09-11,13927182.38,581684.7,1355771.46,2809562.24
2018-09-12,14375778.86,604919.49,1376883.83,3212680.54
2018-09-13,15211953.77,614554.22,1873120.73,3171220.08
2018-09-14,19440745.75,774078.8,2406012.47,3988070.78
2018-09-15,9901764.54,813596.2,1815549.3,4095776.51
2018-09-16,7328199.91,686736.92,1597449.36,3595647.5
2018-09-17,10230422.7,481886.87,1531135.44,2631559.45
2018-09-18,9859717.44,614409.22,1731909.48,3136746.4
2018-09-19,11354276.16,521446.34,1177324.33,2720400.62
2018-09-20,14435698.99,656349.4,1561256.22,2940920.58
2018-09-21,17645569.33,688384.6,1346315.11,3539418.2
2018-09-22,6475596.84,770437.49,1363338.14,4161547.28
2018-09-23,5109186.31,664312.63,1159756.74,3585519.34
2018-09-24,11552615.43,652194.57,1333581.16,3227641.66
2018-09-25,14709438.15,794094.61,1189955.58,3061331.97
2018-09-26,13146473.15,801855.46,1837095.8900000001,3369030.29
2018-09-27,12965898.91,693379.88,1491318.91,3648578.64
2018-09-28,14521949.5,892471.32,2095139.74,4084538.97
2018-09-29,9326480.16,1036205.4299999999,1503631.8,5557357.11
2018-09-30,5439648.25,877009.28,1249155.6,4262209.53
2018-10-01,12328710.5,721656.45,1461329.68,3306080.55
2018-10-02,8340050.83,662680.72,1556140.9,2887667.57
2018-10-03,9105000.87,531776.25,1220499.14,2901660.88
2018-10-04,11324895.27,803124.35,1527611.19,3132946.42
2018-10-05,10923034.26,693907.67,1377133.69,3532834.65
2018-10-06,5541690.97,694740.99,1482904.33,4368879.78
2018-10-07,4499105.5,681019.61,1099819.4,3454722.75
2018-10-08,10504933.96,471155.78,1210358.71,2590904.42
2018-10-09,12226846.08,513878.17,1535286.75,2529293.05
2018-10-10,22198833.64,758468.06,1665362.44,3660939.17
2018-10-11,17011050.34,1294430.13,2476250.05,3599204.08
2018-10-12,18378615.73,887778.53,1868546.11,4218018.18
2018-10-13,11975576.88,1116035.41,1499672.12,4810696.31
2018-10-14,7740519.12,925401.07,1472671.6400000001,4591980.13
2018-10-15,17695685.53,681102.99,1753396.54,2852345.54
2018-10-16,14616664.93,709654.45,1949341.39,2859205.44
2018-10-17,11469575.51,486400.03,1430735.37,2729119.62
2018-10-18,10812685.04,756579.68,1467556.58,3009751.22
2018-10-19,17709484.77,832608.71,1452179.21,4110820.9
2018-10-20,9191260.9,944751.35,1310786.3,5370932.48
2018-10-21,5780232.55,852846.75,1075258.41,3917306.16
2018-10-22,9668717.91,415975.67,1286260.71,2570435.09
2018-10-23,13200865.47,655191.25,1266949.17,2989182.78
2018-10-24,12382635.39,798206.35,1484281.71,3028710.5
2018-10-25,15977241.9,840287.01,1815194.24,4021172.4
2018-10-26,14047467.56,1049009.14,2630560.9899999998,4738496.06
2018-10-27,8399305.65,1118809.25,1749634.05,5400004.69
2018-10-28,5314428.23,830765.9299999999,1389466.54,4288059.61
2018-10-29,9259809.46,686466.49,1608202.6,3113539.9899999998
2018-10-30,8678051.4,656615.8,1579299.86,3438303.12
2018-10-31,8255467.19,754235.56,1280895.21,3101454.56
2018-11-01,10651164.8,646439.3,1679136.0,3688565.93
2018-11-02,14887294.07,763704.69,1389869.47,3816323.78
2018-11-03,6594399.09,833320.03,1220112.11,4056208.48
2018-11-04,4550294.36,727677.71,896168.15,3900645.0100000002
2018-11-05,4104458.37,799996.15,959740.14,3649294.37
2018-11-06,11078143.69,543427.29,1056582.97,1997840.01
2018-11-07,9049828.5,583586.71,1138220.1,2176481.62
2018-11-08,10418291.31,536672.52,1407565.3,2929301.85
2018-11-09,22722594.81,944005.16,1721356.69,4453966.41
2018-11-10,12330857.47,1181815.12,2244372.51,5302173.62
2018-11-11,6962828.53,786932.94,1547063.44,4066745.46
2018-11-12,14123534.84,639753.96,1785373.98,2969348.12
2018-11-13,12623162.540000001,531985.71,1422968.52,3039684.47
2018-11-14,15191200.49,623331.11,1509379.01,3366626.43
2018-11-15,19268519.65,645881.84,1774974.56,3461191.79
2018-11-16,18637010.55,816597.1,1484854.97,3924855.74
2018-11-17,9863332.34,1079989.2,1844096.24,5357180.36
2018-11-18,6139892.83,940478.83,1413285.48,4158616.35
2018-11-19,12490004.2,574563.53,1250221.85,2738967.2
2018-11-20,13069956.65,592116.66,1203472.18,3063797.35
2018-11-21,10069539.71,577959.25,1254871.16,3772138.69
2018-11-22,11037438.6,765687.37,1384914.06,3525214.57
2018-11-23,20471730.02,1365853.15,2465544.97,5433507.6
2018-11-24,10412521.58,1529341.29,2202759.3,7029942.0
2018-11-25,6639787.9,1266916.73,1491984.14,4810885.2
2018-11-26,12188816.59,744385.44,1566052.52,3005552.25
2018-11-27,11024735.6,749279.74,1705224.55,3235368.99
2018-11-28,9780467.51,668619.69,1267997.71,3672164.09
2018-11-29,9178463.83,727768.51,1479523.46,3145711.78
2018-11-30,12112574.56,786077.52,1528042.13,3971638.53
2018-12-01,8611392.0,951392.99,1731075.03,5753904.0
2018-12-02,4146356.75,898828.75,1414398.83,3985739.9
2018-12-03,11258556.91,475131.14,2180154.3,2577547.92
2018-12-04,11515593.05,849120.31,1525252.7,2590634.45
2018-12-05,9507618.2,572968.62,1290858.87,3002019.03
2018-12-06,8952870.62,653940.87,1189750.24,3062482.85
2018-12-07,12552744.59,693530.47,1779958.35,4235043.51
2018-12-08,9198828.72,1137233.19,1398958.3,5997295.83
2018-12-09,5403362.69,966534.37,1082456.99,4665510.04
2018-12-10,22174572.52,743269.83,1315541.69,3448890.81
2018-12-11,16156267.35,680540.76,1389277.07,3539226.11
2018-12-12,15405128.79,924928.36,1433724.61,3837629.88
2018-12-13,14918738.96,830758.24,1183422.93,4135418.89
2018-12-14,24295830.08,1139291.33,1712713.59,5257520.2
2018-12-15,14371290.23,1450807.69,1985921.85,7124697.0
2018-12-16,8240500.65,1346830.29,1711322.1,5591499.1
2018-12-17,16647759.709999999,912880.22,1591477.03,4019952.73
2018-12-18,13227897.73,836171.96,1653293.03,3716678.27
2018-12-19,14249841.06,896433.76,1540543.3,3950707.6
2018-12-20,15457621.71,877982.65,1623221.22,3940292.84
2018-12-21,20806064.53,994242.22,1454727.81,5065248.81
2018-12-22,9849157.73,1624444.45,1841567.0,6570676.0
2018-12-23,7041559.29,1390226.18,1493032.91,5918810.57
2018-12-24,13563519.16,830522.85,1471181.92,4310160.45
2018-12-25,21248691.21,1310762.07,1563869.76,4786168.48
2018-12-26,22935698.11,1555626.45,1892213.91,5207629.82
2018-12-27,21675610.54,1583312.5,2375678.23,6310691.48
2018-12-28,25184953.39,2026047.66,2305573.79,6702588.62
2018-12-29,21747344.26,2195455.07,3070169.43,8284103.27
2018-12-30,12780150.51,2638559.19,2367664.59,9318367.79
2018-12-31,6544769.39,1670700.72,1571103.59,5132591.61
2019-01-01,1248082.0,285736.79,389153.36,1159805.06
2019-01-02,3142739.66,733038.79,822481.06,2948892.14
2019-01-03,4076488.83,943674.08,1274609.96,3540720.19
2019-01-04,3760982.08,926210.19,1121862.51,3946562.17
2019-01-05,4464323.88,1036084.29,1186139.01,4097731.51
2019-01-06,2999134.95,754385.15,1076228.72,3571354.83
2019-01-07,3046491.48,762732.36,820103.37,2871390.29
2019-01-08,4127196.49,797020.74,1135174.64,3377344.95
2019-01-09,7742809.78,503025.1,1208077.8,2480882.89
2019-01-10,17850484.16,684569.84,1348067.43,3319018.66
2019-01-11,18973951.16,1206652.9,2047957.28,4292262.01
2019-01-12,10279404.48,1226278.64,1376373.52,5283618.38
2019-01-13,6798788.54,861198.64,1198157.04,4216157.08
2019-01-14,14954945.98,499738.01,1432473.45,2828076.91
2019-01-15,18321006.26,761881.0,1378940.27,3443200.39
2019-01-16,14128609.74,725572.32,1926620.09,3375569.95
2019-01-17,12899405.2,557644.53,1098524.04,3356064.71
2019-01-18,11529583.92,790469.18,1384840.73,3974960.54
2019-01-19,6848708.82,1119720.94,1675374.74,5252224.41
2019-01-20,4660665.59,765641.34,1156707.86,3834389.7
2019-01-21,10400583.39,522517.05,1119050.14,2815808.42
2019-01-22,9291907.62,569653.17,1057191.82,2645418.6
2019-01-23,9311535.38,573536.1,1129026.76,3037667.87
2019-01-24,11577319.67,665329.16,984429.21,3028242.74
2019-01-25,15539539.2,874244.11,1666850.08,4455630.59
2019-01-26,10334789.45,1050178.65,1361924.89,5613432.5
2019-01-27,5260946.1,822216.89,1012541.29,4306484.97
2019-01-28,10701179.16,553321.66,1128402.94,3229861.23
2019-01-29,8881660.48,656836.52,1126394.92,3115685.22
2019-01-30,9982751.22,1176152.28,1389167.77,3116514.53
2019-01-31,9990492.82,669009.24,1249794.15,3390710.61
2019-02-01,13482480.32,734508.89,1449680.78,3724994.45
2019-02-02,6250230.48,856162.47,1116333.65,4332983.23
2019-02-03,4241493.17,846303.67,1045824.25,3221189.61
2019-02-04,8272587.63,804374.62,1203883.73,2391931.86
2019-02-05,8075618.8,501531.83,1222057.36,2696624.67
2019-02-06,8324960.81,480081.1,995740.48,2795971.04
2019-02-07,8284536.23,647940.35,948747.85,2974846.21
2019-02-08,21525669.83,948617.01,1515235.4,4588317.54
2019-02-09,12623349.76,1252454.35,1582142.89,5500600.54
2019-02-10,7901822.65,1040666.85,1525730.71,4929015.77
2019-02-11,13497835.21,560810.22,1299885.89,3112709.88
2019-02-12,14340746.7,1219530.22,1200579.45,3553983.45
2019-02-13,13786526.84,780891.55,1494374.95,3528261.21
2019-02-14,16375938.85,1194843.14,1395691.12,4208202.86
2019-02-15,20369171.96,1077042.59,1616002.02,5090095.57
2019-02-16,9511002.26,1479114.88,1482454.26,5841570.98
2019-02-17,7307738.94,862171.78,1246454.68,4624687.56
2019-02-18,12138354.85,714293.61,1306923.97,3472796.32
2019-02-19,13129669.85,631099.88,1173940.83,3427713.6
2019-02-20,12518608.81,734829.74,1522426.78,3263928.52
2019-02-21,12046896.9,882637.87,1447110.19,3815142.57
2019-02-22,15101029.76,1245661.28,2043731.66,5143500.41
2019-02-23,6491000.81,1194730.26,1675022.58,5542793.92
2019-02-24,4266221.38,824677.67,1459755.94,4097114.63
2019-02-25,15634583.08,796831.77,1438176.93,3109113.58
2019-02-26,11697299.65,835813.98,1496125.92,3765211.67
2019-02-27,13234347.99,823161.12,1427663.36,3566575.82
2019-02-28,13556895.77,961606.74,1853886.66,3816824.04
2019-03-01,14228093.81,751878.08,1411209.76,4361067.46
2019-03-02,7085128.73,1132727.32,1449901.8,5511644.65
2019-03-03,5096419.1,872204.89,1345723.45,4349648.01
2019-03-04,9646028.05,617692.0599999999,1785455.33,2899766.84
2019-03-05,8527637.48,847220.81,1046827.54,3331948.67
2019-03-06,12645907.28,1240081.48,1860018.39,4172630.91
2019-03-07,23513333.48,1952056.91,1791542.11,6072977.89
2019-03-08,10149543.47,1902014.35,1550900.46,5977666.59
2019-03-09,6732456.33,1105475.13,1306897.81,4417392.0
2019-03-10,6883182.54,1049392.09,1150358.48,4269869.57
2019-03-11,13019459.21,698792.18,1495189.7,2750559.93
2019-03-12,14070782.59,756843.29,1663922.65,3197424.65
2019-03-13,16005550.74,927167.45,1366702.49,3235398.17
2019-03-14,16385888.2,784314.0,1594264.0,3755673.37
2019-03-15,20045785.9,827551.51,2349894.13,4296149.81
2019-03-16,9005344.55,1333955.08,1532105.81,6153521.08
2019-03-17,6857806.38,821131.27,1316032.82,4611197.2
2019-03-18,11474994.07,571166.45,1726835.29,2921834.3
2019-03-19,11435648.7,736819.46,1717427.23,3195985.72
2019-03-20,12478094.43,605358.71,1592616.73,3073396.25
2019-03-21,11983393.78,884359.38,1510289.09,3515033.18
2019-03-22,15615958.89,673568.94,1149518.79,4474911.68
2019-03-23,9788183.53,1123596.89,2256965.74,5267724.08
2019-03-24,6133610.51,831240.64,1198617.9,4478544.96
2019-03-25,15424547.27,1061545.06,1699440.35,3588084.38
2019-03-26,14625000.49,731994.26,1361485.19,3553347.56
2019-03-27,11460416.48,1007578.17,1728244.92,3534412.05
2019-03-28,11266649.88,910070.37,1836443.79,3904669.73
2019-03-29,14907673.79,822949.9,1953551.99,4781856.12
2019-03-30,8353497.14,1128662.92,1471885.85,5668207.25
2019-03-31,5197301.95,729548.26,1268316.51,4006035.56
2019-04-01,9003831.71,425156.34,1558549.64,2821292.73
2019-04-02,8773825.53,645266.46,1478755.64,3160132.5100000002
2019-04-03,9005228.61,632436.29,1398229.27,3084608.11
2019-04-04,10047048.46,518482.25,1436700.07,3098992.13
2019-04-05,11487751.48,615387.32,1380400.91,3727779.03
2019-04-06,5634860.94,1043436.63,1540251.45,4669928.34
2019-04-07,4259388.62,784373.97,1498538.16,3579591.22
2019-04-08,9950879.36,529043.79,1380303.9,2448115.52
2019-04-09,11297343.35,644588.86,1371537.75,2989338.67
2019-04-10,21125946.58,698366.39,1577651.51,4001791.5
2019-04-11,18560357.29,818067.4,2160960.29,3984984.31
2019-04-12,21714317.8,1033101.44,1802014.64,5411101.27
2019-04-13,10951107.81,1368032.48,2145228.53,6293767.23
2019-04-14,8359367.58,1035519.35,1636865.47,4525758.31
2019-04-15,18998366.97,936411.73,1617260.45,3569780.5
2019-04-16,15258839.45,851905.63,1822257.8699999999,3556593.04
2019-04-17,13825765.01,765011.0700000001,1639725.08,3771445.18
2019-04-18,12105586.75,802229.7,1688033.46,3456941.07
2019-04-19,12997799.12,939244.21,1728181.06,4474549.69
2019-04-20,7528267.52,1058610.29,2031312.0,4886930.34
2019-04-21,5084582.8,885984.9400000001,1538673.56,4491560.54
2019-04-22,10901721.15,735499.8,1471498.1,2958845.87
2019-04-23,13284244.58,941117.24,1599789.55,3182975.19
2019-04-24,13185940.94,762750.79,1690595.43,3755290.15
2019-04-25,15663128.84,818928.18,2115853.38,4073054.52
2019-04-26,16800379.26,1300676.36,2012250.69,5142434.55
2019-04-27,8887014.07,1005957.57,2125035.78,5541942.97
2019-04-28,5300869.23,1160249.22,1464729.09,3957350.35
2019-04-29,14707800.35,1200008.68,1821465.65,3681757.96
2019-04-30,19116376.59,940314.88,2120228.53,4660884.86
2019-05-01,5584187.96,867869.09,1956919.9,4516920.98
2019-05-02,4473809.49,803405.74,1274525.15,3697987.13
2019-05-03,3861355.8,810984.93,1304204.94,3666172.44
2019-05-04,4313750.23,990666.83,1634063.03,3450688.81
2019-05-05,3761795.91,595069.5,1243128.78,3144015.0
2019-05-06,9766908.6,533735.61,1601989.04,2888961.91
2019-05-07,11818164.22,418735.26,1477880.64,3492255.46
2019-05-08,27215173.48,1037336.91,2254792.08,5277091.95
2019-05-09,7802385.81,721135.08,1599483.79,4521896.41
2019-05-10,7449969.74,810048.37,1541203.3,4535605.08
2019-05-11,6386031.26,746165.63,1564219.08,4232331.31
2019-05-12,7590100.54,890927.91,1361497.92,4100448.58
2019-05-13,16275428.76,609632.45,1534958.91,3307153.71
2019-05-14,16486813.47,731588.34,1684018.66,3359012.55
2019-05-15,19646523.36,887457.0,1767153.12,4017337.43
2019-05-16,16427986.23,698046.29,2218364.98,3877133.12
2019-05-17,17800497.61,1046790.98,1929197.22,4384717.12
2019-05-18,7816185.71,830613.37,1736841.72,5509659.56
2019-05-19,5864587.96,788591.29,1682298.98,4044238.48
2019-05-20,13835984.31,552270.12,1689164.28,3275082.04
2019-05-21,10909010.6,592060.47,1445907.22,3176646.05
2019-05-22,10295397.87,697326.36,1527532.63,3450663.67
2019-05-23,12289064.1,680009.21,1564462.19,3873622.99
2019-05-24,17210309.26,946278.34,1986618.91,4856567.2
2019-05-25,10261171.99,1194770.68,1693728.9,5734022.03
2019-05-26,6480905.66,1004180.51,1647228.34,4202363.26
2019-05-27,12033424.9,798801.1,1911116.41,3345429.28
2019-05-28,12521530.67,741364.68,1864864.15,3873035.54
2019-05-29,11804090.22,785980.35,1693245.63,3589367.92
2019-05-30,12646162.26,856704.71,1639540.49,3911443.96
2019-05-31,12987544.7,998764.34,1788851.59,4413881.44
2019-06-01,7500717.19,895982.51,1501829.37,4567031.54
2019-06-02,4899848.19,828888.09,1498342.88,3629519.88
2019-06-03,12571298.43,808816.03,1610187.24,3192145.19
2019-06-04,8137734.38,677569.05,1707402.29,3221845.51
2019-06-05,14610189.66,1037818.95,1799309.33,3229518.5
2019-06-06,11734918.03,688201.94,2013890.98,3570709.3
2019-06-07,14166810.57,763239.08,2016055.2,4135512.0
2019-06-08,6644322.61,718209.6900000001,1743908.48,4730327.38
2019-06-09,4702783.81,631416.15,1306687.15,3747474.4
2019-06-10,25285040.82,761362.63,2696060.16,4029442.66
2019-06-11,21128175.69,988437.04,2078509.72,4430024.82
2019-06-12,11081600.66,996048.38,1932318.07,4977389.59
2019-06-13,17427628.8,718085.05,2016807.93,4035603.76
2019-06-14,23197585.05,934474.15,2341286.16,4765748.31
2019-06-15,11024328.03,1115095.47,2436093.22,5223175.79
2019-06-16,6893769.94,790500.79,1717994.34,4417687.18
2019-06-17,15570078.65,756785.99,1867700.8,3696746.25
2019-06-18,13035369.12,680902.46,2151344.27,3904948.36
2019-06-19,11694975.33,962080.48,1919381.45,3474951.18
2019-06-20,15433841.91,767402.47,1998376.99,4242252.77
2019-06-21,15078403.57,858988.3,2169652.27,4597606.34
2019-06-22,7497303.95,1020838.59,1850701.64,4649225.26
2019-06-23,6388602.2700000005,706696.81,1745899.42,3678087.4
2019-06-24,14165865.36,847425.63,1800636.29,3851161.07
2019-06-25,22078620.9,952704.47,2243388.29,4517761.55
2019-06-26,16492161.93,1318673.73,2277123.0,3986477.92
2019-06-27,18183929.82,769512.5,2436306.8,4281990.04
2019-06-28,20696192.11,1142359.48,2571018.62,5314235.94
2019-06-29,10417442.23,953833.67,2146504.83,5884540.81
2019-06-30,7618010.47,849299.18,1629403.68,4488911.03
2019-07-01,14113884.29,819885.88,2141923.55,3745688.79
2019-07-02,14411450.24,811996.61,2214110.84,3911833.05
2019-07-03,12513167.29,827531.31,1670836.97,3510327.96
2019-07-04,10431694.5,970616.45,2604047.92,4443972.59
2019-07-05,13976656.15,851631.19,1961589.0,4140487.71
2019-07-06,7620995.85,752538.04,1929017.23,4953082.23
2019-07-07,5371015.46,647917.37,1727369.0999999999,3940121.03
2019-07-08,12587948.8,680398.46,1808058.61,3963550.87
2019-07-09,12139942.41,828958.37,2288753.39,3477009.26
2019-07-10,21813118.43,858675.15,2201232.46,4508864.66
2019-07-11,18219601.95,830443.96,1964750.94,4617642.36
2019-07-12,27175838.99,1072820.61,2772335.56,5028501.98
2019-07-13,10947853.82,1114781.08,2272955.71,5554676.7
2019-07-14,7371016.75,916262.57,1792641.31,4235077.11
2019-07-15,18148025.86,724430.28,2261862.92,3776100.13
2019-07-16,14081652.53,804044.98,1870735.41,4134700.12
2019-07-17,13594077.06,853372.52,2016895.09,4195592.6
2019-07-18,11857870.46,817924.37,1863807.48,3894563.83
2019-07-19,14471792.98,1325213.04,2472827.87,4433780.71
2019-07-20,7850607.04,841805.09,2008581.02,5157359.11
2019-07-21,5356060.39,802069.29,1694097.0,3782821.96
2019-07-22,11606818.5,834747.96,2039974.03,3531153.97
2019-07-23,10924708.03,801131.47,3928939.2600000002,3861346.05
2019-07-24,11185919.02,904455.39,1508466.32,3741086.0100000002
2019-07-25,15343037.66,952965.16,2012761.46,4446556.08
2019-07-26,15501955.75,944692.77,2245170.11,4816356.07
2019-07-27,5812238.42,864021.97,1725134.64,4266083.35
2019-07-28,5463382.25,645709.63,1534232.02,3750311.2
2019-07-29,14567071.67,728559.79,2231384.27,3800930.37
2019-07-30,12950285.84,1114379.45,1974023.28,3621023.15
2019-07-31,11123725.64,806868.68,2034008.49,4093300.63
2019-08-01,11785455.21,1049225.36,2318866.62,3699525.32
2019-08-02,11870611.75,911187.5,1883946.04,4298493.48
2019-08-03,6903108.8,690457.67,1705914.0,4120859.9
2019-08-04,4729767.3,703793.95,1366679.59,3329641.42
2019-08-05,11426945.36,736083.72,2106327.33,3447152.7600000002
2019-08-06,9388171.18,712896.17,1574983.2,3360069.43
2019-08-07,11735586.78,954491.33,1947673.12,3761617.29
2019-08-08,13384930.69,584315.37,1640974.37,3341728.03
2019-08-09,20261413.94,1135316.83,1939072.82,4352881.11
2019-08-10,8939368.53,1077868.49,1694033.97,4548891.25
2019-08-11,6213265.94,798561.44,1540541.99,3710479.94
2019-08-12,14413916.26,695304.29,1779941.26,3649890.01
2019-08-13,14475120.89,897509.03,1537881.31,3590056.37
2019-08-14,14379777.47,811073.52,2092118.82,3442718.25
2019-08-15,19216052.25,1176696.15,2165702.67,4815692.34
2019-08-16,15234057.23,952602.29,2219867.33,4682006.45
2019-08-17,7668400.99,805089.28,1705986.23,4366615.84
2019-08-18,5232777.28,761758.26,1352442.79,3684902.01
2019-08-19,11294470.24,827154.15,1742488.76,3748550.12
2019-08-20,13274167.17,987250.08,2027027.91,3737417.25
2019-08-21,10522131.36,810153.96,1359462.99,3494382.95
2019-08-22,12513908.58,895418.47,2079215.14,3857128.35
2019-08-23,14963896.58,954790.11,1860426.86,4567607.15
2019-08-24,7224412.5,999973.1900000001,1805827.26,4698865.88
2019-08-25,6816572.87,872339.57,1529287.01,4065932.78
2019-08-26,11306783.55,738606.1,1920778.46,3438588.28
2019-08-27,10168288.45,1034631.54,2391290.85,3697616.45
2019-08-28,11646530.04,847302.51,1846001.42,4129441.69
2019-08-29,12860984.23,1028996.83,1825011.08,3901871.76
2019-08-30,15190566.32,911183.36,2149361.2,4658519.18
2019-08-31,6714620.58,1023655.44,1565460.63,4816118.73
2019-09-01,6191568.41,973854.5,1618865.84,3935578.95
2019-09-02,11536355.74,769217.2,1501087.41,3169776.5
2019-09-03,11063044.75,778298.27,1473719.31,3114305.38
2019-09-04,9279262.85,694100.93,1616858.42,2889581.09
2019-09-05,9963127.42,684897.44,2026497.03,3079298.99
2019-09-06,10607070.23,874573.12,1591969.08,3532705.98
2019-09-07,5324446.87,734036.03,1679232.96,3899688.67
2019-09-08,4000606.82,638129.08,1169681.79,3086656.6
2019-09-09,12755456.62,814257.62,1226577.57,2823967.31
2019-09-10,19134139.04,1035273.75,1687155.32,3837891.76
2019-09-11,15105919.59,721068.1,1824500.17,3665099.04
2019-09-12,15203402.81,687989.74,1558890.32,3779978.17
2019-09-13,21078314.23,1002112.75,1961723.26,4303449.07
2019-09-14,11436914.5,1325682.6,1847889.76,5392908.34
2019-09-15,7103549.68,1201682.81,1662430.6,4431062.67
2019-09-16,13180803.07,816390.59,1565303.31,3710821.32
2019-09-17,12794224.99,927658.26,2357166.11,3903991.61
2019-09-18,11020780.69,744039.72,1942899.34,3444540.35
2019-09-19,12246292.98,866306.04,1410173.57,3798116.47
2019-09-20,13239956.05,1070487.83,1719246.57,4533757.78
2019-09-21,8117001.3,1083147.9,1653149.5,4924331.07
2019-09-22,5697742.44,946727.0,1346326.43,4523101.04
2019-09-23,9160184.1,772785.18,1432435.1,3134715.22
2019-09-24,11493980.8,682896.51,1552719.15,3331812.47
2019-09-25,16239556.59,998349.9,1390330.54,4542776.9
2019-09-26,14052798.21,865438.87,1922222.58,4245469.86
2019-09-27,14150913.29,989449.57,2003064.09,4703828.0
2019-09-28,9331019.96,1391480.83,2007493.38,6385431.17
2019-09-29,7414873.03,1116215.64,1609652.93,4449372.03
2019-09-30,12933181.05,859566.1900000001,1840669.33,3588546.86
2019-10-01,12940162.02,710406.45,1713431.53,3422471.88
2019-10-02,11133275.11,839334.97,2165880.75,3743971.27
2019-10-03,9207742.14,690763.56,1901897.7,3293990.3
2019-10-04,10990413.09,762497.31,1502647.9,4080952.76
2019-10-05,6107081.79,1104997.31,1699699.21,4794732.37
2019-10-06,5035532.57,757259.34,1384819.98,3998544.28
2019-10-07,8664083.82,580948.21,1465752.76,2974122.18
2019-10-08,9748330.41,455823.07,1517672.84,2931752.62
2019-10-09,11679852.98,686961.76,1371831.56,3603994.32
2019-10-10,20949563.33,764424.67,1797389.71,4232407.02
2019-10-11,22343283.52,1054131.12,1831813.89,5212827.57
2019-10-12,12522419.65,1498785.97,1729719.14,6467813.15
2019-10-13,6907814.13,1037332.57,1549025.77,5122573.19
2019-10-14,14337218.66,694548.55,1677046.55,3216311.56
2019-10-15,19736690.45,922917.72,2092256.7,4269097.84
2019-10-16,16122464.56,881276.32,1596927.78,4061958.85
2019-10-17,12943817.87,825589.61,1329665.0,3655388.95
2019-10-18,11787002.99,934697.32,2067902.02,4287485.25
2019-10-19,7456915.02,899147.77,1451662.58,5610998.68
2019-10-20,5706183.72,896341.95,1504685.43,4605001.0
2019-10-21,12876776.46,564183.22,1447207.94,3523847.81
2019-10-22,9721003.43,752045.26,1263888.27,3212252.69
2019-10-23,10257000.31,793546.62,1373759.78,3398069.22
2019-10-24,11875550.21,624659.0,1473525.31,3738874.49
2019-10-25,17818698.74,1175852.64,2088141.05,4811093.47
2019-10-26,8944406.6,1304892.98,2222800.09,5911460.1
2019-10-27,6536120.84,1227633.95,1928499.3,4778287.5
2019-10-28,12471638.61,838310.82,1930585.67,3736360.56
2019-10-29,10469150.79,850524.48,1873925.92,3671302.6
2019-10-30,10753707.17,835667.73,3166622.0300000003,3847297.87
2019-10-31,9803439.51,902535.41,1699468.11,3740282.39
2019-11-01,12661701.68,1103741.86,1610052.3699999999,4188713.29
2019-11-02,6307008.24,1173896.13,1800434.32,5010621.91
2019-11-03,3703634.71,827263.8,1518606.4,4529927.34
2019-11-04,5539763.01,854019.29,1433794.62,3835690.04
2019-11-05,9697575.57,548603.55,1672632.02,2804190.06
2019-11-06,10043824.5,579447.58,1325564.8,2922433.39
2019-11-07,12580057.32,703472.21,1654833.4,3236730.21
2019-11-08,23938392.2,1022464.75,2002737.42,4846681.22
2019-11-09,12710379.94,1287434.1199999999,2007056.3699999999,6013406.46
2019-11-10,7586099.46,1033146.8,1489315.18,4693152.79
2019-11-11,13489568.9,791162.21,2618118.64,3310927.02
2019-11-12,13063284.98,741188.78,1934271.24,3230626.44
2019-11-13,15028136.5,717799.79,1683442.2,3521312.32
2019-11-14,16012557.16,804814.05,1593765.35,3731143.05
2019-11-15,18517837.26,969996.91,1908665.84,4913645.2
2019-11-16,12174159.12,1248727.91,3229902.03,6175585.94
2019-11-17,6951459.82,1023008.2,1496676.33,4754042.49
2019-11-18,13382974.64,773529.33,1457932.63,3113279.54
2019-11-19,10738920.03,640656.04,1453624.92,3847151.92
2019-11-20,13181301.59,749766.32,1583973.83,3991716.73
2019-11-21,10979080.24,771823.43,1735036.6199999999,3334831.14
2019-11-22,11882486.38,1010030.54,1448607.84,4668644.78
2019-11-23,6790806.63,1209333.3,1491717.99,6069628.14
2019-11-24,5384946.69,1207854.8,1569892.15,4759854.45
2019-11-25,15471240.76,724551.0,1597794.55,3756218.39
2019-11-26,14832313.39,856824.62,1678855.61,3931547.94
2019-11-27,11885795.89,931047.22,1451291.1,3609675.52
2019-11-28,11271725.08,984288.03,1563582.7,4520907.48
2019-11-29,13493624.86,1351854.87,2595651.0,5894030.06
2019-11-30,9557023.3,1689238.29,2327050.07,6831063.09
2019-12-01,5380426.65,1321665.19,1592924.9,5357981.98
2019-12-02,11803079.05,721832.29,1597594.88,3233310.37
2019-12-03,8735527.63,939317.14,1296876.21,2704466.86
2019-12-04,8374306.41,763535.08,1382690.96,3840626.41
2019-12-05,9863744.55,646926.6,1359250.67,3079930.54
2019-12-06,12016007.68,990339.98,1528425.27,4431557.01
2019-12-07,7021485.15,1099345.4,2353515.99,5888986.47
2019-12-08,4717254.0,910773.51,1154926.13,4332137.78
2019-12-09,12235090.48,710459.67,1267895.1,3275382.98
2019-12-10,23860567.26,728538.39,1709551.5,4352567.12
2019-12-11,17422687.46,857697.73,1552301.46,4439609.74
2019-12-12,17022969.51,1043439.03,1751544.53,4308969.98
2019-12-13,24475636.6,1222559.0,3321888.6999999997,5688747.53
2019-12-14,13728720.66,1962039.41,2078622.26,7723374.27
2019-12-15,9694744.14,1221246.48,1971848.43,5934180.42
2019-12-16,14799260.82,751261.28,1614348.91,5000705.63
2019-12-17,18359146.2,1083644.35,1850908.3,4568977.32
2019-12-18,16052855.62,1102996.31,1720992.73,4138653.59
2019-12-19,13505040.56,996729.95,1581908.83,4976067.69
2019-12-20,16431785.2,1279569.07,2067241.14,5901444.24
2019-12-21,9814000.92,1597287.29,2383673.85,7317791.87
2019-12-22,6697452.1,1533608.96,1874298.62,6047628.82
2019-12-23,12682846.23,1021950.93,1926125.58,4261220.6
2019-12-24,15499108.46,1311197.73,2050478.57,5117229.39
2019-12-25,23336377.04,1676514.59,1926884.98,5899912.19
2019-12-26,22905681.0,1761578.35,2075459.68,6722558.93
2019-12-27,27958110.3,2260621.03,2268040.94,7573576.97
2019-12-28,17396198.29,2653168.85,2567647.67,9604319.87
2019-12-29,12552236.95,2338689.54,2548075.23,8776909.46
2019-12-30,21893446.49,2400426.49,2342011.26,8454627.5
2019-12-31,13022359.21,2575318.35,1742276.8,6277350.86
2020-01-01,2203875.4,410510.13,612335.9,1247225.58
2020-01-02,3857705.76,869220.34,1413807.73,3228336.67
2020-01-03,3599870.86,1072948.31,1660713.33,4112817.6
2020-01-04,3859874.42,956291.78,1524505.06,4250511.17
2020-01-05,3976409.04,960447.71,1702433.61,4247608.43
2020-01-06,4292707.77,796360.46,1498740.18,4066905.19
2020-01-07,3730340.28,791613.85,1211824.55,3778478.11
2020-01-08,4458990.39,685248.63,1360248.68,3549780.39
2020-01-09,10256151.41,940520.11,1507398.32,3286424.5
2020-01-10,21513886.28,1056812.39,1677884.33,4426264.54
2020-01-11,11280771.05,1222379.37,1872174.95,5818294.76
2020-01-12,6812805.22,1167991.53,1798238.81,4458069.33
2020-01-13,15102405.36,757161.0,1488584.15,3561330.7
2020-01-14,17930073.35,829298.85,1608881.93,3234221.0
2020-01-15,18029165.62,713053.12,1589131.98,4030539.81
2020-01-16,15047217.22,925045.87,2423741.8,3953849.24
2020-01-17,14568018.84,976750.1,1699182.41,5061404.0
2020-01-18,9553793.95,1169789.93,1646040.18,5714407.79
2020-01-19,5880579.39,946482.42,1180864.25,4620124.88
2020-01-20,12004321.3,600624.82,1662470.76,3503934.88
2020-01-21,10916214.71,841427.62,1328482.42,3942588.57
2020-01-22,9815997.81,617400.23,1563906.37,3586677.75
2020-01-23,11224312.95,907913.51,1421944.61,3500037.06
2020-01-24,16116281.49,1058827.37,1573615.79,5164442.6
2020-01-25,10166402.49,1493180.28,2177552.44,6618532.71
2020-01-26,6198669.31,1144431.76,1350206.27,4978814.63
2020-01-27,12185115.52,640225.04,1554620.16,3895859.67
2020-01-28,10568047.2,610941.63,1489933.41,3803546.36
2020-01-29,10508911.85,807228.13,1618185.32,3625238.22
2020-01-30,10883823.05,718362.09,2630418.82,3911123.51
2020-01-31,12789725.51,1205608.56,1726926.17,4942250.47
2020-02-01,6101167.85,986914.85,1619459.77,5909424.18
2020-02-02,5099440.95,870827.66,1275340.3,4766661.33
2020-02-03,10826353.9,486142.27999999997,1444669.3699999999,2959661.46
2020-02-04,7796858.7,648262.38,1590147.31,2789085.54
2020-02-05,9983401.12,572710.42,1564137.87,3232285.94
2020-02-06,8709856.21,815522.32,1544590.24,3083350.24
2020-02-07,13092656.24,796694.23,1777294.46,4256149.01
2020-02-08,7809442.16,1117000.65,1308387.08,5259141.8
2020-02-09,5023619.8,767059.41,1593578.8699999999,3986251.81
2020-02-10,22792121.25,714050.54,1583988.11,3852731.8
2020-02-11,17023834.33,712643.55,1908764.53,3978536.34
2020-02-12,15358419.31,1011612.51,1527098.62,4324643.91
2020-02-13,19086051.79,1041140.54,1938218.61,4430557.89
2020-02-14,22501506.56,1444830.31,2054145.84,5821485.13
2020-02-15,13220864.52,1771516.47,1953599.43,6773110.13
2020-02-16,7682172.32,1082096.44,1846677.41,5051119.31
2020-02-17,13554618.08,827358.7,1490368.23,3717124.89
2020-02-18,11504447.41,785063.51,1369425.12,4060332.18
2020-02-19,11013430.77,934987.18,1741254.61,3711772.5
2020-02-20,14193304.58,965178.38,1794753.39,4414082.89
2020-02-21,14763518.6,1300631.17,1978618.8,5502494.13
2020-02-22,26625098.62,1496481.95,2000893.16,6341029.19
2020-02-23,5246124.19,1162229.89,1502840.98,4831485.54
2020-02-24,4416154.72,1012684.65,1446472.98,4428477.86
2020-02-25,15357047.62,725395.59,1512029.04,3781232.45
2020-02-26,15034777.67,846194.04,2035266.44,3867268.99
2020-02-27,12710190.28,775178.8,1728967.6300000001,4322618.39
2020-02-28,16624790.52,915207.32,2023671.5,5008760.86
2020-02-29,9788195.47,1288429.91,1940343.26,6256912.18
2020-03-01,5980213.76,915749.34,1718653.25,4677959.22
2020-03-02,10003397.83,761889.2000000001,1221132.61,3399869.91
2020-03-03,12241011.79,913848.19,1858874.56,4085726.59
2020-03-04,8995220.94,1006379.69,1590944.2,3443210.69
2020-03-05,11062423.38,1324214.92,1482781.41,4387508.45
2020-03-06,16381413.22,1785043.87,2006868.86,5225746.85
2020-03-07,9115347.7,1831842.43,1972251.42,6815277.39
2020-03-08,6177948.3,1611718.19,1437256.17,4673859.97
2020-03-09,4954796.09,1172958.55,2487791.77,3802147.36
2020-03-10,21984267.71,906513.09,1843403.01,4056911.36
2020-03-11,17196236.25,800881.99,1764389.83,4011054.8
2020-03-12,16555677.22,817620.94,1470151.65,4598218.29
2020-03-13,24405393.75,907484.8,2608038.36,6226894.6
2020-03-14,14063545.8,1336635.74,2375397.21,7018870.88
2020-03-15,8767044.38,1121231.6,1854190.2,5559280.94
2020-03-16,14479201.66,711408.83,1635353.99,5075130.27
2020-03-17,12340760.98,580019.02,1467421.64,6468009.91
2020-03-18,11099938.05,922990.85,1627680.21,5352829.05
2020-03-19,13469863.3,760107.32,2437595.1,4484875.0
2020-03-20,16668445.11,916327.21,1815725.17,5282056.16
2020-03-21,7370453.53,1255434.84,2500652.0100000002,5936193.7
2020-03-22,4461656.88,653754.6,1480676.17,4102413.72
2020-03-23,9972876.29,759437.3200000001,2866893.15,3908871.49
2020-03-24,11640461.9,732922.54,1495112.56,4028001.51
2020-03-25,17196308.72,777845.02,1742824.19,5240980.88
2020-03-26,17590745.85,909418.9,1547594.21,6461331.22
2020-03-27,20740524.86,1421106.34,2552355.19,7645136.6
2020-03-28,7597315.35,499230.99,1291487.54,5840508.42
2020-03-29,4286739.81,337627.98,1043614.02,3773316.17
2020-03-30,6541568.42,363688.07,1240784.56,4564290.53
2020-03-31,7661178.89,408775.68,949777.6,3931748.3
2020-04-01,5964540.65,378759.52999999997,714779.94,3809886.38
2020-04-02,6129323.43,372427.28,716677.78,3581549.78
2020-04-03,6072387.19,372732.42,772662.68,3869166.75
2020-04-04,4128459.41,351109.67,636791.51,3325249.63
2020-04-05,2955410.47,258998.33,638061.96,2819130.2
2020-04-06,7435483.55,319636.41,736254.2,3146756.25
2020-04-07,6998931.9,268917.08,930978.94,3225621.89
2020-04-08,8560997.66,269351.03,901725.47,2906687.31
2020-04-09,9816731.37,347587.32,1086642.73,3323530.57
2020-04-10,19850970.45,651993.9,1182100.92,5320255.41
2020-04-11,10485728.95,487924.2,1014201.15,4636661.85
2020-04-12,6867151.13,357443.52,845901.74,3771596.97
2020-04-13,13238223.59,376232.7,1064413.06,3929465.08
2020-04-14,14544057.5,390692.16,1193283.32,4019794.8
2020-04-15,15929791.2,433514.26,1222044.69,4767016.63
2020-04-16,13334775.37,359632.93,1237343.25,4245004.5
2020-04-17,11574068.36,467960.22,1461913.64,5364799.79
2020-04-18,5953755.82,394887.61,1069090.2,4802575.03
2020-04-19,4244981.51,244197.59,945880.19,2851319.72
2020-04-20,13534519.06,366140.0,1403617.97,3285369.68
2020-04-21,9004078.15,392936.0,1390627.5,3465778.72
2020-04-22,10051018.81,383496.9,1365757.23,3634032.93
2020-04-23,10349327.14,402169.12,1605334.49,3898779.32
2020-04-24,12796580.21,589338.74,1262910.22,4849720.17
2020-04-25,9247235.25,537423.58,1587004.24,5645630.66
2020-04-26,5587300.97,381048.3,1117983.93,4160840.41
2020-04-27,9948579.92,503294.78,1429229.21,3782862.03
2020-04-28,10443713.37,403198.46,1389714.76,4300833.19
2020-04-29,11571373.14,530979.4,1457415.41,4656997.95
2020-04-30,13614387.96,519675.83,1659377.37,5508885.47
2020-05-01,6516143.8,612848.35,1359901.73,4405172.46
2020-05-02,4714061.78,550771.78,1725676.22,3635412.58
2020-05-03,3523483.11,388270.62,1028358.39,3369645.21
2020-05-04,3998507.26,391095.67,1356333.48,3613722.26
2020-05-05,5163982.76,358805.24,1349882.73,3492651.45
2020-05-06,8016186.99,402077.68,1449246.62,3438954.37
2020-05-07,9918325.63,561987.39,1464776.4,4054539.44
2020-05-08,18409532.18,591191.88,2074295.49,5685114.49
2020-05-09,6542188.93,621666.1,1226666.43,4133226.32
2020-05-10,6042584.4,428573.08,1239793.0,3313551.7
2020-05-11,6533120.58,426835.65,1647055.87,4007583.45
2020-05-12,13382996.91,462392.26,1481997.68,3942931.02
2020-05-13,14708029.39,496239.16000000003,1480418.66,3993316.15
2020-05-14,13675956.94,519214.72000000003,1705629.67,4263009.85
2020-05-15,17541527.83,598225.23,2077799.85,5152494.58
2020-05-16,9170864.63,512977.11,1747384.21,4716978.06
2020-05-17,7630571.89,360591.35,1515797.77,4077202.33
2020-05-18,12323528.81,422227.37,1586020.3,3842226.77
2020-05-19,10159173.92,469280.39,2764178.17,4117802.76
2020-05-20,15093159.33,555725.4400000001,1984670.17,4082039.94
2020-05-21,11884021.46,510000.38,1935649.1199999999,4419223.89
2020-05-22,13641315.98,649176.65,2746187.34,5650309.02
2020-05-23,6575001.29,497308.73,1587516.58,4276946.2
2020-05-24,4740499.72,437404.04,1537668.93,3577530.09
2020-05-25,16560131.33,759897.02,1976259.55,4521893.52
2020-05-26,12615773.08,580128.28,1914304.83,4402164.26
2020-05-27,12231192.13,762947.23,1799178.79,4586569.1
2020-05-28,13518648.22,584333.61,1656187.29,4596227.12
2020-05-29,13578363.72,642894.39,2268855.48,5663140.34
2020-05-30,7175976.22,597453.41,1841173.86,5030469.45
2020-05-31,6591800.44,671300.65,1707615.22,4121333.67
2020-06-01,14990714.94,563976.5,2176061.47,4295389.7
2020-06-02,9742892.45,616413.32,1854954.84,4298521.99
2020-06-03,11391588.31,506558.87,1678642.49,4319266.45
2020-06-04,8601394.64,480990.39,1564522.72,4166555.65
2020-06-05,13777300.47,703993.31,1846395.91,5364498.61
2020-06-06,7852236.05,512636.75,1654717.03,4720687.59
2020-06-07,4667070.49,519909.45,1536449.09,3865893.79
2020-06-08,9017628.11,500792.16000000003,1814641.96,4135069.38
2020-06-09,11455623.209999999,549561.77,1766801.52,4055273.01
2020-06-10,22325638.08,782979.42,2050774.07,5295478.16
2020-06-11,23746417.98,897157.51,2371348.25,6446032.44
2020-06-12,13161194.15,798196.68,2170696.95,6106030.12
2020-06-13,8507188.78,680379.65,1573387.44,4492047.6
2020-06-14,6871127.96,570838.94,1669149.63,4022372.15
2020-06-15,18194112.77,695807.84,1914014.78,5017903.08
2020-06-16,14023188.01,779843.14,2467942.03,5064010.55
2020-06-17,13124892.94,734775.74,2064103.3699999999,4965570.76
2020-06-18,10534751.93,611889.88,2137591.21,4838412.11
2020-06-19,13501314.81,826314.78,2224456.41,6465596.77
2020-06-20,7622449.44,924799.45,1972123.98,5467646.05
2020-06-21,5556306.89,657690.67,1569034.68,4695344.2299999995
2020-06-22,12723101.87,637403.84,1826670.73,4500476.65
2020-06-23,13433472.46,680354.63,2206990.16,5175895.05
2020-06-24,7529733.5,620024.26,1841779.89,4922793.03
2020-06-25,17208769.02,667809.85,2304394.82,5471001.98
2020-06-26,17815093.95,835516.85,2294453.59,6478931.16
2020-06-27,9255000.95,681402.04,1969592.05,5434681.2
2020-06-28,7437864.86,805974.72,1913519.7,4926059.65
2020-06-29,18053131.02,619734.5,2350608.04,5163722.07
2020-06-30,16368481.9,816104.8,2172912.09,5607555.21
2020-07-01,11001945.27,976608.38,2328361.48,5649106.1
2020-07-02,15212665.82,820962.73,2406669.7,5045379.32
2020-07-03,16736099.59,740503.73,2255638.42,5751876.1
2020-07-04,7245753.0,839898.6900000001,2023065.13,6157228.78
2020-07-05,5064372.35,651338.03,1461299.77,4371570.42
2020-07-06,12208896.25,568604.26,1896309.01,4523365.0
2020-07-07,13763263.8,706139.02,1960940.48,4572135.23
2020-07-08,11399819.8,745437.98,1874311.44,4852094.88
2020-07-09,14518144.12,762056.78,2579354.76,4982638.71
2020-07-10,24703619.17,939344.46,2349821.99,6389264.82
2020-07-11,11832976.17,939927.3,2230829.7,5905746.72
2020-07-12,9446190.96,650984.88,1762789.41,4860469.21
2020-07-13,15802678.07,834037.44,2251634.08,4963577.0
2020-07-14,16470608.52,757425.13,2893238.45,5206798.71
2020-07-15,18112783.38,1016602.6,2543829.47,5757381.43
2020-07-16,17740718.55,823695.05,2454469.34,5474991.85
2020-07-17,13816259.41,939381.16,2667631.29,6721714.11
2020-07-18,6001482.18,613528.79,2014825.99,5234386.83
2020-07-19,6331246.8,851724.9199999999,1755491.65,4500582.22
2020-07-20,14212483.55,801719.53,2629277.87,5097050.21
2020-07-21,11811541.12,774106.42,2364554.38,4840962.39
2020-07-22,11919661.21,723072.46,2196513.76,4947207.28
2020-07-23,11187812.01,954940.91,2132416.18,5200454.08
2020-07-24,14642730.01,884903.87,2271851.08,6146935.35
2020-07-25,8330278.35,822545.76,2534744.84,5767273.66
2020-07-26,6812277.41,737455.24,1983352.97,4553211.93
2020-07-27,12559772.86,844859.59,2249107.87,5298019.92
2020-07-28,10377103.61,898251.49,1780254.1199999999,5103318.16
2020-07-29,11988077.72,1098310.21,1905708.78,5804043.66
2020-07-30,13072006.49,931628.25,2362187.68,5645481.05
2020-07-31,13271948.0,1008777.03,2641450.71,6181592.93
2020-08-01,7022976.36,1113371.63,1765248.56,5933178.35
2020-08-02,4611093.85,689332.87,2036746.83,4874729.59
2020-08-03,9198326.23,785200.04,1862679.45,4459376.37
2020-08-04,9798334.13,930566.67,1988867.21,4615654.65
2020-08-05,10744042.44,983131.74,2007569.76,4871742.2
2020-08-06,10248308.88,838934.43,1888392.89,4750159.62
2020-08-07,13251212.52,1031082.93,2453204.7,5495755.69
2020-08-08,6948726.0,1035089.21,1671155.81,5108200.91
2020-08-09,4913954.5,823916.62,1357705.84,4153788.21
2020-08-10,16711576.95,715382.45,1996912.27,4574911.77
2020-08-11,16824870.69,996026.88,2309217.41,5182475.48
2020-08-12,15435803.4,926170.88,1890952.6,4485689.01
2020-08-13,14929446.6,878136.87,2304210.02,5139513.52
2020-08-14,19868574.46,1172010.86,2842675.32,5854492.46
2020-08-15,10849546.51,1169924.27,2598356.19,6124503.64
2020-08-16,8137136.29,817783.4400000001,1747871.56,5204922.41
2020-08-17,13965379.0,950283.24,2138184.69,5060971.58
2020-08-18,11739858.32,846936.94,2055803.19,5138188.36
2020-08-19,11217243.45,1145037.03,2169127.75,4654928.94
2020-08-20,12662993.63,1421466.51,2237698.02,4879325.71
2020-08-21,11615923.03,933646.4400000001,2096113.67,5204817.34
2020-08-22,6452120.9,1076008.35,1850785.15,5213297.44
2020-08-23,4686128.23,1160722.28,1587574.32,5173215.44
2020-08-24,12525473.44,925643.0,2113888.57,4712887.95
2020-08-25,12876460.01,1193921.85,1884584.18,5507122.56
2020-08-26,11672295.91,1046569.82,2663363.31,5484075.5
2020-08-27,10597373.89,940655.74,1940420.02,5490681.03
2020-08-28,13229378.14,1163454.01,2262989.2,6491758.65
2020-08-29,9275602.31,1481604.2,2219862.1,6283416.52
2020-08-30,5619866.86,1249601.01,1767697.61,5501269.98
2020-08-31,11806898.35,1168405.56,2086152.77,4920260.83
2020-09-01,11504582.82,1087633.06,2069911.77,4563127.81
2020-09-02,9470026.44,1042377.73,1697084.34,4693969.75
2020-09-03,9841128.5,747216.72,2066792.83,4677631.45
2020-09-04,11412473.29,869766.04,1892177.8,4894930.5
2020-09-05,6086518.94,955760.52,1885778.7,5473982.7700000005
2020-09-06,4207884.79,848651.72,1487232.51,4292921.91
2020-09-07,9720155.59,614824.33,1600091.85,3976991.68
2020-09-08,8141458.29,724664.9,1666569.22,4359573.92
2020-09-09,10893631.17,781888.74,1559662.94,3986946.34
2020-09-10,17172417.55,894913.39,2195222.2,4658129.37
2020-09-11,19133031.43,1171880.9,3233325.62,6535053.15
2020-09-12,9465993.53,1135316.15,2237793.32,6777228.34
2020-09-13,6827773.58,885655.93,1553405.3,4904865.81
2020-09-14,13782211.12,897370.52,2200067.49,4980171.27
2020-09-15,18042013.54,987718.4,2545705.53,4783334.4
2020-09-16,15375847.98,980514.37,1838880.17,4976561.24
2020-09-17,13063461.7,938367.96,2084288.81,4820053.25
2020-09-18,14266765.38,994943.44,2145136.76,5466949.16
2020-09-19,6809823.73,1137532.79,1925568.89,5639690.8
2020-09-20,5463810.72,907920.58,1528110.11,5199229.44
2020-09-21,12731290.26,693652.86,2100845.29,4177975.86
2020-09-22,10426350.48,744696.39,1624785.59,3891143.87
2020-09-23,11384106.08,727587.68,2061691.45,4359101.11
2020-09-24,9836475.77,737058.84,1760776.49,4394298.91
2020-09-25,17272870.44,1285914.17,2452237.39,6029283.08
2020-09-26,8188373.16,1239051.99,2407748.33,5594709.53
2020-09-27,5356865.89,987933.57,1788383.04,5327169.64
2020-09-28,10754427.1,663630.03,2093239.28,4323955.65
2020-09-29,10740713.57,924014.36,1594034.28,4522847.45
2020-09-30,11525405.41,992920.14,2152334.1,5140486.14
2020-10-01,12075637.4,913312.68,1718032.66,4233163.5
2020-10-02,14173174.98,984100.34,2138536.95,4835411.52
2020-10-03,5295654.8,999297.77,1783154.68,5441952.81
2020-10-04,4757883.5,864715.35,1508958.67,4724440.24
2020-10-05,10758011.5,895081.21,2258752.74,3830373.36
2020-10-06,10915040.42,813347.12,1504326.53,4072415.22
2020-10-07,11498651.43,781213.27,1587139.96,4429773.28
2020-10-08,10153036.72,865679.71,1372410.86,4703712.29
2020-10-09,20494223.99,1128992.29,2745719.93,6003637.19
2020-10-10,12066401.74,1170150.8,2331874.25,6913238.86
2020-10-11,8024165.94,907176.02,1561504.83,5107664.64
2020-10-12,14347768.52,692010.72,1799911.29,4164422.9
2020-10-13,12033973.92,793909.69,1364984.87,4640919.1
2020-10-14,18366139.01,873616.13,1945393.82,4750583.11
2020-10-15,20822931.45,1066907.52,1953148.91,5845070.79
2020-10-16,18086286.35,1145467.37,3421830.35,6143100.29
2020-10-17,10537791.98,1272458.61,2612210.76,7171721.96
2020-10-18,6941329.44,1139935.06,1780404.49,5612593.09
2020-10-19,10898993.46,878462.53,2141905.02,4436066.08
2020-10-20,13447100.29,981659.47,2242133.02,4464246.38
2020-10-21,12479647.97,877288.89,1453360.02,4668242.16
2020-10-22,10812106.55,773399.54,1967821.12,4791075.16
2020-10-23,16401103.65,1063742.0,2027685.55,6251447.26
2020-10-24,9335480.21,1408291.49,2182460.39,7679940.81
2020-10-25,9015116.93,1015227.06,1957232.69,6067857.98
2020-10-26,12535085.87,911863.5,1595416.89,4774335.18
2020-10-27,12217882.0,1010145.0599999999,1947279.59,4467675.83
2020-10-28,9038871.77,892782.66,1626821.14,4641191.96
2020-10-29,11451072.85,885312.57,1798028.42,4900509.58
2020-10-30,12877964.81,1123288.45,1562291.61,6230870.75
2020-10-31,7672957.04,1036107.11,2057826.64,6498269.37
2020-11-01,5535956.55,740425.92,1682730.91,4757286.14
2020-11-02,10214703.73,643575.1,1666221.93,4168011.98
2020-11-03,10500925.26,802701.45,1909652.68,4728644.48
2020-11-04,7281277.2,757910.51,1696022.42,5206262.28
2020-11-05,10841112.59,724916.15,1368574.79,4002332.02
2020-11-06,11101639.19,741639.37,1930907.17,5166497.91
2020-11-07,6303479.6,725800.43,1643846.17,5224114.95
2020-11-08,5017806.11,666653.35,1299576.93,4859600.91
2020-11-09,10776674.58,573426.04,1347324.54,3728324.3
2020-11-10,20556760.96,829603.78,1443011.1,5182654.7
2020-11-11,17060684.02,863447.56,2793166.27,5076308.37
2020-11-12,16617414.86,789037.84,2155925.35,5139620.96
2020-11-13,22510244.38,1013901.48,2253545.02,6800691.21
2020-11-14,13411615.07,1245904.42,2440598.73,7311903.95
2020-11-15,9389019.94,1003216.38,2804107.92,6295233.75
2020-11-16,12914827.15,757357.68,1603163.97,4786059.68
2020-11-17,14595440.11,713458.85,2525612.83,4924000.24
2020-11-18,11815055.54,721002.97,1790640.84,4731509.67
2020-11-19,11744046.790000001,693975.83,1624014.87,4543301.33
2020-11-20,13786568.66,996480.58,1824674.06,5997880.39
2020-11-21,10023818.13,1232069.76,1870592.4,7002701.95
2020-11-22,5559377.54,890828.25,1586290.9,5393098.27
2020-11-23,8326016.16,779866.05,1776577.7,4229283.71
2020-11-24,9885602.64,951964.95,1504533.67,4517567.28
2020-11-25,15781077.959999999,994827.46,1896066.71,5143258.3
2020-11-26,12339338.54,798264.37,1794553.87,5803015.6
2020-11-27,12833694.91,1467332.1,2235318.07,7492113.18
2020-11-28,9445552.76,1431435.37,2406263.88,7481286.15
2020-11-29,6347023.17,1400732.24,1658732.51,5995641.91
2020-11-30,11752088.83,807475.58,1945912.45,4738782.62
2020-12-01,9960321.56,760659.01,1502155.42,4758352.37
2020-12-02,9084958.31,812535.1,2107256.05,4855688.29
2020-12-03,8185215.0,830734.33,1728128.15,4795951.61
2020-12-04,10641201.34,941897.69,1939711.98,5574401.1
2020-12-05,7153069.68,1033386.25,1591381.1,5888705.8
2020-12-06,5580145.56,723784.0,2001216.31,4886621.19
2020-12-07,10763671.45,733572.38,1600556.98,4568621.31
2020-12-08,10262985.1,745401.19,1744202.22,4124939.95
2020-12-09,9776474.63,961980.37,1526831.48,5108376.37
2020-12-10,21807426.33,1152468.78,1993697.16,6007027.02
2020-12-11,22099289.97,1288669.98,1986472.12,7353627.08
2020-12-12,11737605.05,1607683.68,2481090.59,8566552.47
2020-12-13,7371981.28,1208602.11,1663177.97,6405594.64
2020-12-14,15358908.06,839836.53,1689322.29,5456114.86
2020-12-15,19474093.48,1046978.35,2005217.12,5845423.33
2020-12-16,15479847.85,1073256.74,1634608.8,6062909.51
2020-12-17,13909081.13,1219590.79,2192356.54,6387856.33
2020-12-18,15267339.0,1256046.08,2111403.37,7006295.73
2020-12-19,9477682.68,1618611.43,3008008.16,8838684.13
2020-12-20,7103379.34,1316741.69,1987946.98,6947840.4
2020-12-21,10940185.12,1018338.6900000001,1899452.02,5784523.64
2020-12-22,13792652.27,1118624.64,1846928.61,5834357.77
2020-12-23,14209278.9,1233960.68,2178938.53,6234232.16
2020-12-24,16574495.959999999,1327190.19,1923183.07,7079197.81
2020-12-25,22602576.39,1898397.22,2261311.94,8095737.21
2020-12-26,17749930.55,2079397.58,2697761.62,9716088.29
2020-12-27,11616908.55,1957398.06,2441056.65,9599255.49
2020-12-28,20014949.02,2104511.51,2584184.68,8995233.51
2020-12-29,26096092.24,2451933.29,2826406.32,9900245.34
2020-12-30,25799044.8,2818757.84,2826938.32,12105371.17
2020-12-31,13200402.1,2187876.52,2328186.8,8130369.11
2021-01-01,2564212.54,343612.45,578709.67,1719029.87
2021-01-02,4797089.83,1504239.82,1172211.35,4088801.65
2021-01-03,5032917.3,1091755.77,1631198.76,4576178.28
2021-01-04,5879881.04,1056940.11,2224824.84,5479257.24
2021-01-05,5660115.4,1097920.68,1874480.97,5884053.38
2021-01-06,4345783.55,1078569.25,1528656.54,5998262.35
2021-01-07,3362817.9,706291.21,1328092.59,4950490.86
2021-01-08,4275146.27,1008142.88,1343666.22,4983460.86
2021-01-09,5241171.16,1005647.39,1771234.75,5069945.24
2021-01-10,5331466.97,928899.88,1464883.88,4629652.46
2021-01-11,10025671.68,835710.86,1467682.98,4625528.03
2021-01-12,16871983.45,859028.05,1973897.5,4624851.15
2021-01-13,13793130.0,939218.55,1854319.44,5714087.47
2021-01-14,14596892.25,855150.0,2038922.99,6946519.97
2021-01-15,19225488.07,1009936.92,2489936.47,6880741.05
2021-01-16,10343326.43,1234907.68,1805706.09,7515426.22
2021-01-17,7686413.61,1306933.05,2142083.29,5507954.7
2021-01-18,12555139.48,719719.6,1581521.25,4546522.59
2021-01-19,9828753.17,798059.7,1541004.47,4663693.96
2021-01-20,12116260.69,705950.05,1527930.01,5039913.71
2021-01-21,8749821.92,735773.17,1541309.59,4829036.16
2021-01-22,11342682.98,859554.6900000001,1923306.7,5841453.19
2021-01-23,7111631.65,1203290.99,2117570.44,7226421.08
2021-01-24,5314983.49,901710.4,1934488.85,5538285.67
2021-01-25,12770631.47,838498.68,1652987.35,4625727.24
2021-01-26,12538726.91,856440.12,2126184.89,5258168.49
2021-01-27,13432434.24,651348.89,1227938.46,3585736.42
2021-01-28,9581721.37,207228.09,616855.14,1000114.22
2021-01-29,11189129.25,794749.57,1072016.69,4322945.56
2021-01-30,7480785.3,1281588.54,1542001.26,6781380.09
2021-01-31,815157.01,1030027.72,1531472.63,4800253.78
2021-02-01,11397672.85,851365.07,1596952.4,4349659.2
2021-02-02,10029559.28,742022.59,2042511.05,4612983.01
2021-02-03,9396345.26,924686.35,1382348.3,4135755.82
2021-02-04,8690180.19,907585.71,1585045.31,4337390.41
2021-02-05,9978532.37,1039682.53,2168581.23,5268714.08
2021-02-06,6204834.02,1107427.76,1759888.93,5862730.99
2021-02-07,4787454.65,1263018.8699999999,1347450.18,4910274.4
2021-02-08,8933148.44,812274.75,1708214.85,3971122.3
2021-02-09,11039893.6,1025510.84,1282355.91,4307935.31
2021-02-10,17441333.43,882857.55,2271169.67,4979662.39
2021-02-11,16617325.49,1042176.66,2060411.46,5196128.0
2021-02-12,20003196.48,1370351.6199999999,2396477.07,6818185.43
2021-02-13,13501615.33,1540687.23,2181316.1,8437843.49
2021-02-14,8002418.81,1345558.1,1956052.04,6459533.89
2021-02-15,16829811.69,926177.25,1814173.78,5220223.09
2021-02-16,13474005.52,898288.94,1793503.85,5587165.77
2021-02-17,11339026.94,1077621.96,1882720.36,5374892.73
2021-02-18,10869568.64,882028.06,1895433.24,5118793.24
2021-02-19,11511549.86,1102595.03,3728902.67,5572693.35
2021-02-20,15104964.57,1484618.04,2137121.76,7148832.82
2021-02-21,5844825.26,1500500.08,1909039.72,7150309.16
2021-02-22,5426576.86,1314152.11,1707147.01,6544635.72
2021-02-23,4410560.72,1051549.86,1368919.72,5036144.95
2021-02-24,11059656.85,779438.93,1805157.64,4387031.83
2021-02-25,16052897.05,911385.0599999999,2322494.96,5277772.27
2021-02-26,18118696.07,1413745.16,2085104.8800000001,6687332.24
2021-02-27,8640245.01,1806297.48,2283682.08,8189839.5
2021-02-28,721333.14,1728387.97,2554162.81,6764001.03
2021-03-01,10739266.18,971356.83,1839818.41,4819145.62
2021-03-02,10777337.76,1146427.35,1946159.78,5129271.89
2021-03-03,8874427.39,1185575.79,1691228.82,4799084.03
2021-03-04,10669806.12,1447093.61,1651012.68,5791827.75
2021-03-05,15052870.59,2013498.6,2415896.6,6578171.16
2021-03-06,7852992.42,1736228.38,1987656.57,7742577.18
2021-03-07,5761802.02,1889689.25,1728383.27,6466385.11
2021-03-08,5212985.5,1999577.81,1350232.93,4747723.6
2021-03-09,12031631.58,798103.41,1861739.69,3911849.6
2021-03-10,19957851.13,1017662.34,1857921.45,4830699.89
2021-03-11,17900647.34,1145768.35,1961933.06,5332856.78
2021-03-12,25218319.98,1307527.72,2278666.64,6987581.6
2021-03-13,14816113.39,1622847.23,2024583.52,7554453.08
2021-03-14,8053912.38,1276091.23,1712690.36,5852615.59
2021-03-15,17110252.75,935041.61,1711234.32,5143462.94
2021-03-16,13774697.49,1058842.89,1936202.24,5619227.48
2021-03-17,11790207.18,996001.44,1729553.89,5492262.31
2021-03-18,10724170.73,1023287.14,2185712.9899999998,5613519.68
2021-03-19,14197635.1,1137118.62,1932125.77,6208771.31
2021-03-20,8048547.97,1850589.85,1917736.37,7502976.82
2021-03-21,4961580.34,1199474.61,1782379.88,5897961.05
2021-03-22,11436984.4,984357.7,2045790.98,5149728.94
2021-03-23,11925787.89,791500.94,1733649.76,4678005.95
2021-03-24,9578409.03,1095890.3,1620499.99,5292761.37
2021-03-25,15332140.4,1031004.61,2284168.95,5662025.71
2021-03-26,13129225.85,931988.8,1907081.34,4451431.55
2021-03-27,6707550.82,908533.48,1387782.56,4580909.86
2021-03-28,5458837.03,871225.9,1463362.51,3572620.24
2021-03-29,12042615.73,833617.5,1431840.49,4319053.55
2021-03-30,12172806.49,897012.8,1690303.3,4494338.2
2021-03-31,1055977.57,955946.2,1993877.68,4772870.98
2021-04-01,10174392.33,1252358.27,1878366.76,5150854.84
2021-04-02,11126738.97,1306114.55,2150475.41,5421940.66
2021-04-03,7239174.98,1232942.96,2288051.14,6432840.48
2021-04-04,4601627.67,922905.31,1477482.37,5671418.17
2021-04-05,9936481.33,893345.54,1622838.02,4103718.06
2021-04-06,11603366.52,954672.9,1736546.37,4444320.99
2021-04-07,10596316.69,1169230.19,1835765.89,4226352.1
2021-04-08,10362110.21,979205.18,1577164.78,4807227.57
2021-04-09,17253880.88,1342147.12,2039456.35,6742253.37
2021-04-10,11807833.42,1282922.42,2355426.39,8012612.12
2021-04-11,7128283.53,1310891.64,2116579.3,5903062.03
2021-04-12,15058485.62,1121015.63,2152302.55,4765119.38
2021-04-13,13387235.68,1086183.91,2688049.62,5531025.66
2021-04-14,17609928.48,1279621.29,3010472.95,6194997.53
2021-04-15,17250878.73,1410505.98,2622240.07,6294618.6
2021-04-16,16322507.36,1625132.52,2731528.24,6741391.08
2021-04-17,9216087.19,1494503.94,2397095.81,7379807.15
2021-04-18,6251359.24,1181776.33,2040901.97,6168904.4
2021-04-19,12556927.57,1118904.52,1987647.5,5076352.22
2021-04-20,12879179.37,844043.32,1416536.89,4029496.0
2021-04-21,8814021.48,839014.09,1436567.53,4585990.18
2021-04-22,10590044.08,1058993.02,1870093.58,5509821.69
2021-04-23,11214921.86,1260600.87,2311226.72,6606950.02
2021-04-24,8989922.27,1609604.09,2439265.36,7334838.18
2021-04-25,8233956.14,1281630.22,1788624.42,5392062.75
2021-04-26,10068988.5,930162.68,1894039.31,4616943.47
2021-04-27,13336558.6,1052324.44,1859746.57,4933540.81
2021-04-28,10923533.13,904313.54,1602983.74,4970066.06
2021-04-29,862166.11,1101758.96,2262422.25,5494598.51
2021-04-30,703155.26,1222432.31,1978319.27,7322193.47
2021-05-01,7277814.83,1249124.35,2248843.58,7478859.5
2021-05-02,4788082.7,1060903.68,1554821.32,4582093.0
2021-05-03,4605493.93,828379.69,2337428.19,5207045.56
2021-05-04,7571657.53,889951.8099999999,2260343.67,5559491.75
2021-05-05,8918461.67,1012675.66,1894060.84,5548169.73
2021-05-06,7403049.8,1061463.29,2075651.46,5716523.43
2021-05-07,11046252.36,992759.58,3284060.56,6810994.08
2021-05-08,5864019.03,1080337.28,2131933.59,6559524.5
2021-05-09,3330603.9,714356.35,1151836.81,4682929.19
2021-05-10,5218387.52,919627.93,1793997.28,5279454.05
2021-05-11,10895289.709999999,903484.61,1820931.05,4672338.56
2021-05-12,11364447.17,953309.13,1984921.17,5929845.11
2021-05-13,13740427.73,985155.92,2088848.87,5525096.96
2021-05-14,17481143.77,1185139.3,2456675.83,6469675.63
2021-05-15,9726325.28,1539344.53,2276561.65,8270053.8
2021-05-16,7469522.15,1255766.62,1853319.9,6187458.84
2021-05-17,11440147.51,1037491.5,2283479.09,5341842.16
2021-05-18,10632000.55,855808.27,1955552.01,5787769.77
2021-05-19,9900024.71,1198074.98,3431930.14,5304353.46
2021-05-20,11648562.76,1189175.8699999999,2568932.31,5250413.24
2021-05-21,10581837.62,1257053.39,2005508.37,6559785.34
2021-05-22,6900397.08,1144447.62,2150154.62,6541865.18
2021-05-23,3899797.91,898093.61,1698350.16,5449024.55
2021-05-24,8411422.81,932629.16,2023510.16,5635354.15
2021-05-25,12332351.64,1176273.45,2179550.58,6110702.33
2021-05-26,10103632.16,939011.88,2141256.56,5634777.71
2021-05-27,11371904.97,1180919.22,2547562.43,5975383.32
2021-05-28,13226779.27,1454080.43,2810978.82,6942661.66
2021-05-29,6916473.47,1457564.79,2232921.58,6744234.35
2021-05-30,4624034.92,1113038.81,1862531.1,5707551.77
2021-05-31,10819053.45,1097842.05,2929775.92,4818397.26
2021-06-01,11213830.84,1063723.72,2282916.77,5879499.52
2021-06-02,8660201.22,1267043.57,2017213.25,4814592.8
2021-06-03,6514704.13,1114543.14,2219979.63,4935667.54
2021-06-04,8934372.4,1305829.87,2424368.1,6169271.81
2021-06-05,4966148.21,1149148.46,1761728.2,5847113.81
2021-06-06,2923496.96,1182637.5,1867462.93,5017821.22
2021-06-07,8805671.98,906143.66,2078601.01,4863261.1
2021-06-08,8737287.05,1193177.77,2042004.87,5211025.22
2021-06-09,8955905.73,1163248.69,1667509.11,5270897.58
2021-06-10,15819329.24,1103196.34,2574951.77,6187996.85
2021-06-11,19139621.78,1555809.61,2594477.04,8367710.13
2021-06-12,10382153.69,1427449.86,3078249.5,6952686.95
2021-06-13,5904444.64,1214159.06,2059728.22,5864941.37
2021-06-14,7422856.25,1197817.87,2264333.86,5840005.06
2021-06-15,14637372.24,1707825.74,2447191.22,6055032.31
2021-06-16,11949406.4,1181872.6,2235196.06,6423647.14
2021-06-17,10639700.08,1225095.65,2145731.68,6777390.72
2021-06-18,14741580.12,1220044.59,2259254.55,7271893.87
2021-06-19,6795717.83,1047853.75,3679923.4,6362583.14
2021-06-20,4952014.59,739476.09,2137870.64,5439133.79
2021-06-21,9840377.14,847818.23,2490659.4,5164641.22
2021-06-22,9369850.75,990819.74,2076716.2,5787153.99
2021-06-23,8256857.9,907009.29,1972999.2,5386809.99
2021-06-24,10134285.84,946608.42,2106708.58,5640739.55
2021-06-25,13306214.39,1284601.55,2489022.98,7205665.62
2021-06-26,8295470.51,1582933.68,2674733.49,7217058.39
2021-06-27,6121458.23,1001562.32,1944056.09,5842793.48
2021-06-28,11434727.31,853988.47,2438294.59,5508992.0
2021-06-29,12816217.69,963490.13,1988139.11,5787070.15
2021-06-30,14153449.43,1271783.31,2349536.06,6760613.5200000005
2021-07-01,14008375.9,1230624.11,2473879.56,5772109.81
2021-07-02,12198130.58,1223764.4,2530295.05,7081323.86
2021-07-03,7513638.88,938091.47,2022017.47,5885237.74
2021-07-04,4893816.0,957118.69,1870919.2,5013098.27
2021-07-05,11112332.98,1070285.44,2319255.56,5104076.69
2021-07-06,8799884.33,1128816.97,2464567.15,5821461.17
2021-07-07,8810527.13,951435.26,2154952.2,5276491.44
2021-07-08,9402142.14,1134508.95,1969543.63,6308880.49
2021-07-09,16806526.14,1302950.14,2709179.44,6492898.62
2021-07-10,6959150.41,1183855.03,2623281.75,6740049.62
2021-07-11,5428136.38,1009985.43,2186552.94,5294114.81
2021-07-12,13794902.95,1173744.86,2370014.43,5706443.62
2021-07-13,12482316.5,1048383.59,2971252.72,6459923.04
2021-07-14,13240154.05,1135672.54,2614693.95,5888825.9
2021-07-15,15602658.29,1227991.65,2688144.7399999998,5970016.05
2021-07-16,14444130.67,1284842.36,2956235.6,6764232.22
2021-07-17,7018476.34,1078393.68,2653832.2,6290148.11
2021-07-18,4318313.99,993319.5,1879189.7,5517418.84
2021-07-19,10134627.16,1177618.03,2503791.89,5448997.53
2021-07-20,10101175.86,1161260.71,2544322.06,6288967.96
2021-07-21,9918050.59,1219269.37,2260884.15,5822904.79
2021-07-22,8169142.19,1150534.23,2281355.38,5522484.75
2021-07-23,12742520.85,1504293.15,2493007.61,6471356.7
2021-07-24,6463269.53,1300427.13,2780207.1,6364981.39
2021-07-25,4131393.91,962091.78,2133324.62,5333592.39
2021-07-26,8390676.22,1307677.1300000001,2227911.15,5092350.92
2021-07-27,9378227.15,1053934.16,2503068.34,5244066.31
2021-07-28,9438994.09,1175181.19,2875213.63,5185488.96
2021-07-29,12095759.19,1430553.04,2413718.07,5882932.8
2021-07-30,9826112.17,1257750.29,3317548.9899999998,6187796.22
2021-07-31,6143751.06,1156245.18,2275125.39,6086943.1
2021-08-01,3805215.38,949585.25,2190106.09,5226657.39
2021-08-02,9654030.02,975583.81,2160110.93,5000263.07
2021-08-03,8167742.45,1260220.71,2100474.57,5189469.8
2021-08-04,7449342.33,1102969.46,2077697.0,5141503.29
2021-08-05,8365394.4,1110213.94,2417739.53,5870124.32
2021-08-06,10857112.95,1334028.53,2508138.62,6030994.27
2021-08-07,5229179.23,1057922.39,2412478.4899999998,5824183.15
2021-08-08,4005447.46,1100744.31,1960009.39,5269426.05
2021-08-09,9081043.08,1014858.0,2377521.16,5303253.89
2021-08-10,11718036.55,1031035.46,2819608.36,5620233.37
2021-08-11,10803276.33,1299845.09,2311979.63,5532837.64
2021-08-12,10826263.08,1226758.57,2481910.93,5927637.13
2021-08-13,14729569.61,1471876.5,2574881.67,6669415.37
2021-08-14,10153322.27,1477171.61,3341421.0100000002,6908670.25
2021-08-15,5623518.68,1412450.95,2241161.98,5524003.13
2021-08-16,12018577.09,1286105.69,2558501.71,7836842.64
2021-08-17,10244936.38,1348188.94,2462714.62,5921635.3
2021-08-18,9630071.16,1066725.1,2193180.63,5595302.84
2021-08-19,8221160.39,997997.71,2226292.59,5753323.06
2021-08-20,11010746.3,1328363.51,2399398.02,6627716.35
2021-08-21,4638538.93,1194514.56,2437494.46,6086340.6
2021-08-22,3899330.74,978659.46,1924096.6,5599576.94
2021-08-23,9776048.85,923193.88,2042387.41,5585287.56
2021-08-24,8934793.13,1179502.39,2507600.33,5440362.17
2021-08-25,10768421.31,1076343.05,2177831.81,5671095.97
2021-08-26,8745975.63,1132657.8,2383622.62,5901932.73
2021-08-27,11013711.72,1431376.54,2704058.6,6646428.93
2021-08-28,5362667.24,1464994.29,1996965.42,6468755.86
2021-08-29,4382524.84,1168246.08,2437968.27,6451363.49
2021-08-30,8966420.74,1290927.48,2407102.58,5183027.26
2021-08-31,9261491.37,1712129.77,2098756.92,5776264.44
2021-09-01,8298519.86,1534785.09,2306068.67,4996705.09
2021-09-02,8779232.85,8845029.94,1779940.45,4695136.71
2021-09-03,10231259.54,1097025.44,2731335.15,6286024.21
2021-09-04,5091528.31,1211063.02,4198082.32,6054217.41
2021-09-05,4082918.9,925875.0,1552896.01,5195205.5
2021-09-06,8392477.1,953214.27,1955507.54,4361744.41
2021-09-07,9232022.53,989891.06,1813070.56,4845215.12
2021-09-08,6670712.51,789501.59,1849820.44,4634919.02
2021-09-09,8798449.01,1048214.69,1714513.3,4920683.55
2021-09-10,15132098.92,1445624.7,2534136.83,6698066.57
2021-09-11,7970659.04,1234805.42,2304511.62,7063417.02
2021-09-12,5069162.69,1032934.89,2234039.99,7207870.47
2021-09-13,11207070.09,1030408.87,2101695.25,5305781.76
2021-09-14,12170847.12,1120124.35,2028845.57,5094064.11
2021-09-15,14166208.92,1394410.6,2278563.74,5817297.46
2021-09-16,12070624.68,1217692.6300000001,2189652.78,5499551.51
2021-09-17,9827078.64,1575429.19,2396937.45,6699304.19
2021-09-18,5440656.91,1323040.59,2732146.45,7100512.45
2021-09-19,4190878.53,1042015.39,2044919.6,6056145.72
2021-09-20,9888332.53,1024757.64,1881936.28,4665627.11
2021-09-21,8005429.53,1094769.71,1994289.35,5004754.27
2021-09-22,8146065.01,931728.51,1802733.2,4867646.59
2021-09-23,8527122.51,1095534.16,2171211.13,5017125.52
2021-09-24,10749103.29,1318220.74,2130457.87,6565465.48
2021-09-25,7604340.1,1288199.54,2074652.2,7502957.77
2021-09-26,4818536.29,1308899.12,1984635.47,6203714.02
2021-09-27,9392501.47,1120772.58,2389523.64,5121699.7
2021-09-28,7819064.68,903528.5,2852615.03,4692709.57
2021-09-29,8264042.55,1022898.53,2228681.83,5083386.23
2021-09-30,8493127.91,1363366.25,2290714.52,5616827.8
2021-10-01,14361135.42,1125597.59,2735312.8,6753063.71
2021-10-02,6350714.5,1377722.46,2026121.52,6381531.93
2021-10-03,4171406.27,1031383.23,1768909.81,5325489.81
2021-10-04,8099925.36,1025189.03,1823393.85,4281538.53
2021-10-05,7391738.85,910471.6,1680059.97,4414241.6
2021-10-06,9091872.1,1069421.64,1635691.19,4715324.79
2021-10-07,6803579.88,965263.27,2224872.5,5337049.82
2021-10-08,11699213.23,1405492.65,2286193.63,6678558.88
2021-10-09,8873316.0,1597888.73,2389312.77,7777745.91
2021-10-10,5578133.76,1640135.54,1816556.13,6473808.1
2021-10-11,10818530.39,1146764.55,1890476.09,4860228.61
2021-10-12,12000217.24,1032389.33,2100983.14,5228258.27
2021-10-13,11504366.21,1102719.91,2750814.82,5766900.51
2021-10-14,11382771.15,983501.69,2210678.04,5616153.7
2021-10-15,13849946.92,1434452.32,2429172.35,6841016.06
2021-10-16,9545125.23,1367026.11,2903187.22,8138384.87
2021-10-17,5310350.68,1286836.74,2090063.26,6417974.93
2021-10-18,8609792.13,917078.11,2193405.51,5168712.93
2021-10-19,8990061.85,949147.93,2198180.79,4905689.95
2021-10-20,8350981.4,877557.58,2343296.58,4784276.79
2021-10-21,9406323.98,954035.75,2193353.47,5522767.78
2021-10-22,10077259.25,1292381.58,2371278.16,6831909.28
2021-10-23,6330293.65,1439477.36,1958591.74,7331009.25
2021-10-24,4135038.21,1159419.11,1894467.15,6070149.1
2021-10-25,9010969.38,965083.86,1921659.25,5284288.91
2021-10-26,8644406.78,1023056.66,1990875.78,5537482.46
2021-10-27,8772613.62,1159794.85,2440125.94,5552511.29
2021-10-28,9726833.09,1469205.31,2597990.56,5835385.28
2021-10-29,10450367.79,1787957.0,2575236.39,6982494.81
2021-10-30,6097784.07,903262.13,2309481.9,6102738.97
2021-10-31,4181769.67,651346.13,1714686.18,4317240.53
2021-11-01,10760880.79,698624.7,1801167.99,4200381.78
2021-11-02,5897831.66,606109.74,2004172.23,4589545.17
2021-11-03,8182676.04,834605.17,2055358.81,5168648.71
2021-11-04,5149519.68,646291.33,1780661.1300000001,4925881.88
2021-11-05,4364014.63,642781.83,1839920.93,4594218.64
2021-11-06,3629733.96,578619.56,1871281.54,4505366.21
2021-11-07,2988361.13,777090.14,1879454.85,3695508.61
2021-11-08,7816264.47,853534.41,2756669.96,4467639.79
2021-11-09,8506374.25,774676.41,1542104.77,4867906.3
2021-11-10,13669166.2,1014837.58,2284448.12,5360175.88
2021-11-11,12577220.13,1160542.2,3135104.81,5727505.36
2021-11-12,16568956.17,1293774.72,2801411.44,7558884.27
2021-11-13,9210966.9,1559735.21,2747170.96,9495162.51
2021-11-14,5489271.21,1384411.52,2490000.62,7231515.68
2021-11-15,13685268.98,1203992.98,2236160.12,6123289.33
2021-11-16,12157739.41,1176440.79,2069982.67,5763392.07
2021-11-17,9159175.52,982346.17,2222568.1,6076214.37
2021-11-18,8308581.1,943167.4,1861931.31,5678967.54
2021-11-19,9294497.55,1381293.05,2711515.05,6731197.56
2021-11-20,6339973.26,1411292.71,3356258.49,8562274.94
2021-11-21,4335361.68,1433523.37,2213822.81,6183234.41
2021-11-22,7484310.21,1103679.27,2907808.75,4749865.24
2021-11-23,5518223.44,880770.67,1876699.89,4800334.29
2021-11-24,8839606.75,1238368.08,1769939.91,5474103.04
2021-11-25,8707221.5,1147932.01,2097257.78,5995924.54
2021-11-26,11732076.68,2210739.84,2396123.94,9079877.5
2021-11-27,7288900.57,1856682.22,2655578.74,9262419.8
2021-11-28,3975747.93,1702368.89,2528916.58,6875181.62
2021-11-29,8265283.32,1108869.55,2273689.33,5137918.8
2021-11-30,9858576.12,912319.11,2489137.53,5207699.64
2021-12-01,10227522.38,1009001.12,2048778.24,4957272.7
2021-12-02,8018517.08,846337.04,1733127.45,5166989.46
2021-12-03,7619607.84,1404704.78,2296179.9,6267139.45
2021-12-04,4654458.89,1333961.66,2367552.85,7727566.56
2021-12-05,2984102.98,1336004.94,1808020.88,5712922.51
2021-12-06,6245225.2,771730.58,1573688.42,4253686.22
2021-12-07,5173580.95,917227.28,1876479.21,4829328.14
2021-12-08,6197038.9,1078154.22,1762669.74,5264664.79
2021-12-09,7316058.36,1022690.23,1891762.6199999999,5349676.62
2021-12-10,16659607.45,1306748.82,2078991.57,7861309.2
2021-12-11,10959242.34,1886403.16,2673141.8,9068795.78
2021-12-12,5428070.86,1462579.31,2059886.01,6896193.27
2021-12-13,11081549.07,1008456.0,1701751.75,5897157.8
2021-12-14,12084807.02,1303781.09,2194655.22,6284761.48
2021-12-15,13401582.95,1340601.65,2571591.13,6924480.41
2021-12-16,12993662.59,1372127.82,2419931.28,7464109.14
2021-12-17,12611115.0,1927057.92,3302055.56,8223146.8
2021-12-18,7639527.03,1670445.99,2544321.95,9523995.2
2021-12-19,5515230.38,1393335.99,2256724.85,7797936.99
2021-12-20,11728920.12,1451498.8,2148081.96,6135020.28
2021-12-21,7437317.98,1241463.29,1966701.59,6316021.83
2021-12-22,9032874.52,1736519.04,2394276.87,6426112.64
2021-12-23,8148976.05,1641635.6199999999,2196843.52,6764065.1
2021-12-24,13937654.9,1930374.25,2627570.51,8556276.84
2021-12-25,10286785.15,2094972.7,2664581.38,10525027.86
2021-12-26,5633586.92,2247823.72,2300739.52,8918676.23
2021-12-27,14222883.29,1923414.25,4714482.75,8404502.94
2021-12-28,17290482.91,2314463.75,2546521.49,9393197.85
2021-12-29,20290827.83,2813113.29,3228246.43,11684490.34
2021-12-30,21138183.669999998,3275644.41,3717735.13,13650664.91
2021-12-31,7721671.95,2486531.41,2124356.68,8494844.06
2022-01-01,1991873.85,530155.67,738381.63,2002930.53
2022-01-02,2252224.62,1070531.41,1492058.8,4563782.47
2022-01-03,3480469.59,1179567.05,2001391.42,5379270.45
2022-01-04,3519383.95,1354812.09,2100796.9,5742214.61
2022-01-05,3605817.62,1392686.21,1576910.48,5762148.83
2022-01-06,3421181.2,1002154.75,1729235.38,6350152.52
2022-01-07,2253029.86,989160.44,1262133.57,5113816.34
2022-01-08,3775774.96,1061018.29,1780551.32,5460907.55
2022-01-09,3921935.2,978169.12,1570189.91,4956408.0
2022-01-10,8335041.87,1236014.17,1492611.24,4766262.85
2022-01-11,9778949.14,829217.99,1776451.59,4923206.86
2022-01-12,14269906.83,987944.24,1766510.24,5248842.03
2022-01-13,12330748.11,2252564.4,1739310.8,5745607.79
2022-01-14,14365706.91,7143957.86,2162317.09,6554160.7
2022-01-15,8436404.42,1324671.48,2209631.65,8493463.99
2022-01-16,5357907.27,1214719.14,1953700.22,6608587.55
2022-01-17,9767554.87,2267100.0700000003,1467940.6,5420284.39
2022-01-18,8486352.14,2766541.94,1467332.73,5340208.3
2022-01-19,8036060.89,3410364.42,1570640.92,5452455.13
2022-01-20,8164546.53,1679776.51,1659978.23,5337362.44
2022-01-21,7846934.46,1053943.65,1895471.18,6362025.24
2022-01-22,4760746.02,1429259.59,2007764.6400000001,7045979.75
2022-01-23,3405678.52,1123167.18,1811977.79,5659794.5
2022-01-24,9216136.290000001,928214.6,1689516.23,5213503.92
2022-01-25,8831616.24,1160320.86,1883823.22,5837778.45
2022-01-26,6952524.95,1386837.24,1650762.19,5058821.25
2022-01-27,7729285.51,1101997.85,1965757.73,5389614.26
2022-01-28,11288658.38,1236257.91,1734146.57,6407367.49
2022-01-29,6939594.16,1324011.16,3226169.05,7229118.16
2022-01-30,3822443.67,1157976.95,1723113.64,5403044.66
2022-01-31,7652100.57,1190706.45,1823304.25,5201181.9
2022-02-01,7665735.8100000005,763636.43,1650515.96,4578331.37
2022-02-02,5828610.37,934035.35,1763863.93,4578892.37
2022-02-03,5013788.59,1038311.66,1798635.61,5013159.79
2022-02-04,7917775.06,1031817.53,1637346.45,5768606.77
2022-02-05,3873382.95,1072464.75,1479251.95,5955457.77
2022-02-06,3454178.9699999997,732076.59,1348116.01,4224890.63
2022-02-07,8843343.44,1771942.9200000002,1698001.21,4128520.15
2022-02-08,8408172.42,840240.51,1471094.08,4827139.54
2022-02-09,7720368.84,1008738.8099999999,1942848.79,4656996.98
2022-02-10,11573190.07,937974.0,1761643.51,5693108.05
2022-02-11,14148406.52,1469260.02,2355943.19,7363140.21
2022-02-12,7736990.04,1505797.01,2098820.43,7436656.51
2022-02-13,4601196.05,1406415.02,2574378.21,6509881.99
2022-02-14,11827967.97,1353171.63,1832667.58,5506267.85
2022-02-15,14177932.52,1242180.58,2329350.12,5474504.65
2022-02-16,12239428.32,1143241.72,2172993.95,5971619.58
2022-02-17,8906650.53,1387376.59,2334795.56,5356002.08
2022-02-18,12111188.36,1651052.23,2589484.72,6396890.41
2022-02-19,6173269.78,1674306.2,2393703.02,7378846.27
2022-02-20,3712003.36,1366856.3699999999,3720956.82,5845182.63
2022-02-21,9276241.63,1370573.19,1904928.36,5640123.39
2022-02-22,10066014.45,1671812.96,2274537.48,7244055.28
2022-02-23,4525802.6,1498387.51,1854870.32,6130004.43
2022-02-24,21713979.23,1173955.05,2254651.22,5571759.0
2022-02-25,24947919.77,1493700.53,2982638.34,7369967.29
2022-02-26,12419336.94,1745273.73,2774031.09,8793083.41
2022-02-27,10279295.02,1589665.15,2586356.81,7512138.22
2022-02-28,18845556.94,1433967.38,2546633.92,6904362.93
2022-03-01,16830009.54,1329373.54,3270246.58,7033644.09
2022-03-02,13774693.12,1643680.01,2701163.38,7027225.45
2022-03-03,13758368.71,1829383.81,2858465.95,8439388.33
2022-03-04,13817978.17,2080042.54,3765864.2600000002,8217838.66
2022-03-05,13235681.58,2176037.02,3152669.35,9139934.96
2022-03-06,5254843.28,2013225.8699999999,2757328.56,8454966.49
2022-03-07,5517550.74,2455483.25,2858896.84,7648643.54
2022-03-08,5133530.85,2403642.9,1943499.24,6046054.28
2022-03-09,10176865.11,1324799.6,2452107.57,5255066.24
2022-03-10,14475214.44,1587908.75,2832850.45,6951104.79
2022-03-11,14363944.42,1889964.55,2416984.56,8041860.85
2022-03-12,8302472.66,1958895.59,3165319.88,9654269.62
2022-03-13,5094361.29,1446175.71,3707749.12,6967299.06
2022-03-14,10935291.35,1156066.66,2190079.84,6422251.61
2022-03-15,15068970.82,1505601.13,2153248.26,7046695.49
2022-03-16,10999167.54,1236765.13,2241040.98,6968820.56
2022-03-17,12080945.45,1142069.1,2460133.0,6832172.74
2022-03-18,9336292.87,1339435.7,2026821.46,7314648.15
2022-03-19,4676847.26,1508385.77,2366444.02,7391886.52
2022-03-20,4136710.08,1106668.35,1887792.82,6189335.58
2022-03-21,8666619.0,1055411.22,2137818.94,5070353.84
2022-03-22,7676822.21,1084708.39,3423142.07,5567936.77
2022-03-23,6839893.29,979922.4,2078838.05,5195649.82
2022-03-24,6805123.97,1155405.2,2085362.86,5807628.72
2022-03-25,11550127.32,1263414.07,2567994.66,6726125.31
2022-03-26,6321586.59,1351157.3699999999,2445129.18,7342969.27
2022-03-27,6354771.51,1055707.22,2588874.59,5640945.67
2022-03-28,6740020.8,917678.67,1780447.85,4398722.88
2022-03-29,6781771.09,1367359.17,1655945.01,5299389.31
2022-03-30,7971793.58,1040992.83,2110020.8,4903420.73
2022-03-31,8584285.95,1203464.88,1937466.07,5416625.12
2022-04-01,8298589.37,1535198.88,2332151.46,5919167.86
2022-04-02,4762248.5,1202887.85,2084182.63,6623690.29
2022-04-03,3777045.41,1288732.7,1727260.46,4993592.82
2022-04-04,6938102.13,750074.42,1539947.15,3921776.37
2022-04-05,7172834.2,995231.08,1860318.05,3920696.99
2022-04-06,7540516.58,1177825.14,1616561.16,4089417.96
2022-04-07,7789006.36,1168263.6300000001,1960705.57,4231166.11
2022-04-08,13632398.96,1317697.02,3900566.43,6268415.42
2022-04-09,6918335.96,1190256.66,2443474.28,7195913.4
2022-04-10,4361979.5,1098208.79,1825918.99,5763736.48
2022-04-11,9273034.11,1112805.67,1931758.57,4439068.55
2022-04-12,10710989.37,1231329.34,2292235.91,5005611.75
2022-04-13,10308139.3,1152950.23,2350985.89,5659016.38
2022-04-14,11112635.68,1001058.9,2216069.75,5826737.87
2022-04-15,14133412.52,1468035.94,2537578.14,7260358.78
2022-04-16,6713589.57,1293173.17,2685363.56,8570934.49
2022-04-17,5070608.02,1185893.71,2228659.08,6105605.54
2022-04-18,6515514.94,897558.01,1789731.4,5083171.73
2022-04-19,7663911.54,915342.09,2007566.26,5249274.96
2022-04-20,7593461.15,831251.12,1835074.77,5576913.69
2022-04-21,7613277.49,998055.81,1845182.42,5908474.19
2022-04-22,8198648.6,1160416.05,2143803.47,6649891.96
2022-04-23,4496090.9,1021045.51,1861282.31,7528474.08
2022-04-24,3151624.04,934442.05,1964829.94,4994695.91
2022-04-25,8138572.95,1066406.23,1936147.58,4741999.22
2022-04-26,9197683.57,1100172.75,2054665.6,4905382.07
2022-04-27,12761981.63,1180491.27,2058181.61,5234886.17
2022-04-28,8638756.44,1240119.88,2273760.96,6613711.7299999995
2022-04-29,11229160.45,1325035.79,2465768.21,7054696.84
2022-04-30,5753297.71,1400380.37,2857604.96,7333654.24
2022-05-01,4061938.46,919312.05,1778720.69,5457546.84
2022-05-02,2408116.83,986672.36,2344198.95,4895218.09
2022-05-03,2774125.49,895490.53,2066554.66,4874958.69
2022-05-04,6853750.44,939622.88,1993764.49,4629567.18
2022-05-05,8764711.84,1169291.97,1528419.21,4956077.4
2022-05-06,13449826.48,1484750.42,2346644.32,7013582.1
2022-05-07,5917116.19,1158595.09,2140480.62,6730163.16
2022-05-08,3972985.82,1214717.75,1894499.95,5604143.61
2022-05-09,2657878.32,720785.05,1186282.65,4537176.97
2022-05-10,4123911.25,800611.06,1675853.99,5126639.77
2022-05-11,8873546.71,849540.07,1952629.37,4860712.45
2022-05-12,10418722.73,1158086.98,2224330.14,5077867.95
2022-05-13,16466807.6,1189063.04,2101985.72,7569322.26
2022-05-14,7749838.64,1348094.41,2694453.33,7324518.88
2022-05-15,4459424.67,1203663.02,2305161.2,5549221.3
2022-05-16,9848970.49,1050279.61,2295097.91,5036395.32
2022-05-17,10754699.91,796366.87,2018622.81,5225144.52
2022-05-18,9956425.07,954928.15,1940861.66,6067534.21
2022-05-19,8928576.71,1079401.89,2085142.89,5499990.73
2022-05-20,11596338.48,1165000.62,2011175.98,7115651.93
2022-05-21,4938663.42,1187769.73,2212676.46,6299465.48
2022-05-22,3489993.26,902178.9,1744912.9,5788334.78
2022-05-23,7830407.06,856799.01,1747708.4,4658706.12
2022-05-24,7559690.83,1155870.7,1505681.82,4851164.49
2022-05-25,9985625.459999999,1039907.43,1971890.13,5498357.44
2022-05-26,15269415.85,1170851.25,1998329.15,5927222.4
2022-05-27,11021229.8,1241283.84,2130458.42,7356903.68
2022-05-28,5443283.1,1379568.1,2723745.87,7212822.33
2022-05-29,4174733.17,930723.2,2164876.14,5424123.98
2022-05-30,8165857.97,1016979.75,2008067.33,5563590.56
2022-05-31,6801250.92,1802493.3900000001,2173534.3,5825664.68
2022-06-01,8388825.55,1298384.02,2024052.3,5062766.66
2022-06-02,7496221.68,1151267.54,2242361.96,5379359.99
2022-06-03,10476297.0,1187222.57,2541808.21,6243078.76
2022-06-04,3786232.96,939745.49,2031271.81,5770313.58
2022-06-05,3289256.04,784930.36,1488585.56,4370876.34
2022-06-06,8129689.94,894250.91,2008209.83,4677453.13
2022-06-07,7147436.3,964518.79,1892577.28,4441173.13
2022-06-08,10056682.48,1155808.08,1993298.01,4972784.64
2022-06-09,11327222.7,1249721.77,3112083.77,5621365.97
2022-06-10,16706566.67,1434547.26,2656086.41,8203404.74
2022-06-11,8276397.8,1166591.56,2372669.81,7310893.61
2022-06-12,5064414.14,945162.4,1884914.21,5939070.69
2022-06-13,5461761.91,1041342.35,1973513.91,5611057.33
2022-06-14,12041121.18,1244427.6,1801342.91,5483607.12
2022-06-15,14698632.77,1300437.68,2381476.07,5955440.24
2022-06-16,11980232.69,1058108.14,2547223.89,6857852.33
2022-06-17,11106824.47,1315124.61,2273915.79,7410083.64
2022-06-18,5440673.18,1087139.15,2055054.81,6601261.53
2022-06-19,3786996.26,1264955.01,1871950.24,5143564.41
2022-06-20,10540776.6,1578462.12,2296869.29,5220254.25
2022-06-21,9448374.39,1494240.75,2330326.69,5758504.36
2022-06-22,9735662.79,991476.11,2106471.97,5335993.7299999995
2022-06-23,9260297.96,1525873.63,2126233.68,5946121.68
2022-06-24,10555954.48,1220365.85,2801304.17,6415673.38
2022-06-25,5836346.97,993195.72,2413681.32,6498591.86
2022-06-26,4047815.15,977657.64,1614609.97,5215252.7
2022-06-27,14699652.620000001,1022118.97,2523506.26,5616383.08
2022-06-28,10985682.95,953098.63,2162429.78,6210767.97
2022-06-29,10458958.52,1164415.05,2407330.71,5782129.86
2022-06-30,11087776.67,1134985.7,2367733.94,6343382.61
2022-07-01,13798543.89,1232275.91,3132976.54,7074066.21
2022-07-02,4900011.84,967062.49,2048196.33,5927069.23
2022-07-03,2825554.3,899510.24,1742476.48,5069291.04
2022-07-04,9332828.56,1224650.53,2873286.08,5125683.74
2022-07-05,10887100.02,918651.25,2069657.24,4937800.38
2022-07-06,8947177.56,1071881.4,2112702.33,5366676.85
2022-07-07,9059359.97,1190204.09,1761671.12,5373369.88
2022-07-08,12491203.48,1260188.4,2544012.88,6694099.15
2022-07-09,5736025.13,1131204.11,1968399.4,6281717.75
2022-07-10,4028757.29,1150490.28,1881809.62,5388486.16
2022-07-11,8606474.86,1086663.16,2032033.79,5597380.28
2022-07-12,11066077.09,965877.1,2292641.84,6087245.78
2022-07-13,11427300.77,1177805.23,2427450.93,5860778.72
2022-07-14,12158520.69,1251702.65,2014384.84,5646086.02
2022-07-15,16167704.35,1343912.99,2574833.97,7296820.27
2022-07-16,6408870.29,1077226.75,2262404.62,6661885.33
2022-07-17,4775099.04,1127888.98,1749385.06,5413183.03
2022-07-18,8432768.85,1227976.18,2267068.42,6068979.63
2022-07-19,8482993.21,1035060.97,2068049.13,5802422.38
2022-07-20,9198590.98,1101308.48,3081871.52,5817820.98
2022-07-21,8337558.81,1144703.66,2310901.78,5735129.48
2022-07-22,9153277.33,1238177.46,2281252.9,6056891.98
2022-07-23,3809154.45,958497.65,1572823.73,5274935.83
2022-07-24,3115670.95,991960.59,1784498.58,4506446.8
2022-07-25,7811936.37,925170.57,1932214.55,5013548.14
2022-07-26,12855416.18,1116144.63,2063832.9,5069551.94
2022-07-27,7395572.72,1062433.38,1923744.97,5226442.04
2022-07-28,10221925.2,1036388.74,2129278.0,5293379.21
2022-07-29,10129834.61,1265017.8800000001,2112413.31,5763927.36
2022-07-30,5698014.68,995744.76,2275587.97,5658698.13
2022-07-31,3635235.45,907096.71,1895473.87,4908637.13
2022-08-01,9225594.49,935706.04,1854430.83,4337392.22
2022-08-02,7198025.3,854084.67,1589312.4,4581593.95
2022-08-03,7536106.72,959067.74,1917382.59,4347252.28
2022-08-04,6068456.67,857266.01,1922882.26,4781171.23
2022-08-05,6961893.07,1087534.59,1788070.43,4894499.85
2022-08-06,2680445.29,936601.82,1422093.76,4761400.32
2022-08-07,2544792.78,847481.35,1688754.33,4306174.08
2022-08-08,7549245.1,752690.48,1730269.08,4189024.86
2022-08-09,8423375.45,906602.41,1919785.58,4346828.96
2022-08-10,8742244.75,958825.69,2074865.31,4639724.71
2022-08-11,8439199.7,1303286.37,1787859.69,5304530.86
2022-08-12,11173994.83,1512729.68,1864709.1,6560977.86
2022-08-13,6203587.54,363016.55,819113.02,1395542.71
2022-08-14,3411239.66,58899.1,140808.39,125290.4
2022-08-15,9966386.63,41224.37,32996.56,45733.78
